vipAddress,upstreamHost,upstreamUrl,routes,hostRestriction,,plugins,serviceName
null,chemcur-common-euwest1.prod.singularity.clarivate.com,/,"/sing/chemcur-euwest1||""/sing/prod/chemcur-euwest1""||",null,TRUE,jwt||cors||,singularity-chemcur-common-euwest-prod-api
null,services.myendnoteweb.com,/enwservices/api/v1/rest,/api/endnote/v1||,null,TRUE,custom-key-headers||acl||cors||oauth2||acl||custom-key-headers||,endnote
cddistorage.{CLOUD_STACK}.{CLOUD_DEV_PHASE}.{CLOUD_ENVIRONMENT},clarivate.com,/,/apiv2/cddi/storage||,null,TRUE,eureka-router||jwt||,cddi-storage
cortellislandingapp.cortellis.prodeu.{CLOUD_ENVIRONMENT},clarivate.com,/,/cortellis/landing/ri||,api.eu-west-1.prod1.prod.oneplatform.build||,TRUE,eureka-router||,cortellis-landing-app-eu
cortellisalertapp.cortellis.produs.{CLOUD_ENVIRONMENT},clarivate.com,/,/cortellis/alert/.*||,api.us-west-2.prod1.prod.oneplatform.build||,FALSE,eureka-router||url-replace||,cortellis-alert-app-us
dratdgui.dra.produs.{CLOUD_ENVIRONMENT},clarivate.com,/,"/dra-td||""/dra""||",null,TRUE,request-transformer||eureka-router||,dra-td-gui
1pentitlements.{CLOUD_STACK}.{CLOUD_DEV_PHASE}.{CLOUD_ENVIRONMENT},clarivate.com,/entitlements/,/api/entitlements||,null,TRUE,key-auth||eureka-router||acl||,entitlements
cdx_devops_test_application.{CLOUD_STACK}.{CLOUD_DEV_PHASE}.{CLOUD_ENVIRONMENT},clarivate.com,/,/cdx-test||,null,TRUE,eureka-router||,cdx-seed-api-test
1pauth.{CLOUD_STACK}.{CLOUD_DEV_PHASE}.{CLOUD_ENVIRONMENT},clarivate.com,/email/platform/,/api/email/platform||,null,TRUE,rate-limiting||key-auth||rate-limiting||rate-limiting||rate-limiting||acl||rate-limiting||rate-limiting||eureka-router||,platform-email-api
dratypeahead.dra.produs.{CLOUD_ENVIRONMENT},clarivate.com,/,/api/dra/suggest||,null,FALSE,jwt||eureka-router||auth-extensions||url-replace||,dra-type-ahead
cortellisalertapi.cortellis.prodeu.{CLOUD_ENVIRONMENT},clarivate.com,/,/api/cortellis/alert||,api.eu-west-1.prod1.prod.oneplatform.build||,FALSE,jwt||eureka-router||url-replace||url-replace||eureka-router||,cortellis-alert-api-eu
null,pdf2xml-common.prod.singularity.clarivate.com,/,/pdf2xml/scholarlyitemmaster-api||,null,FALSE,jwt||,singularity-pdftoxml-scholarlyitem-master
null,auth-wicked.prod1.prod.oneplatform.build,/,/auth||,null,FALSE,correlation-id||,default-auth
cortellissvgextractorcomponent.cortellis.{CLOUD_ENVIRONMENT},clarivate.com,/,/internal/svg-extractor||,null,TRUE,eureka-router||,cortellis-svgextractor-api
null,stats-powerbi-lambda.prod.singularity.clarivate.com,/,"/sing/stats-powerbi||""/sing/prod/stats-powerbi""||",null,TRUE,jwt||,singularity-stats-powerbi-prod
incitesrfbedetailrfs.wos.{CLOUD_DEV_PHASE}.{CLOUD_ENVIRONMENT},clarivate.com,/,/api/rf/detail/.*||,null,FALSE,jwt||auth-extensions||eureka-router||cors||,incites-rf-be-detailrfs
1pemailengine.{CLOUD_STACK}.{CLOUD_DEV_PHASE}.{CLOUD_ENVIRONMENT},clarivate.com,/,/internal/emailengine||,null,TRUE,eureka-router||eureka-router||,email-engine
cortellisontologyapi.cortellis.produs.{CLOUD_ENVIRONMENT},clarivate.com,/,"/api/testgetontology||""/api/browseOntologyData""||""/api/cortellis/ontology""||",api.us-west-2.prod1.prod.oneplatform.build||,FALSE,jwt||url-replace||eureka-router||jwt||,cortellis-ontology-api-us
cortellisalertapp.cortellis.prodeu.{CLOUD_ENVIRONMENT},clarivate.com,/,/cortellis/alert/.*||,api.eu-west-1.prod1.prod.oneplatform.build||,FALSE,eureka-router||url-replace||,cortellis-alert-app-eu
wosrestadapter.wos.{CLOUD_DEV_PHASE}.{CLOUD_ENVIRONMENT},clarivate.com,/wos/,/api/wos||,null,TRUE,acl||custom-key-headers||cors||eureka-router||eureka-router||key-auth||acl||,wos
1pmanumatcher.{CLOUD_STACK}.{CLOUD_DEV_PHASE}.{CLOUD_ENVIRONMENT},clarivate.com,/matcher/,/api/matcher||,null,TRUE,eureka-router||eureka-router||acl||key-auth||,matcher
cortellissvgextractorcomponent.cortellis.{CLOUD_ENVIRONMENT},clarivate.com,/,/intelligence/cortellis-report-section||,null,TRUE,eureka-router||,cortellis-report-section-app
incitesjcr3bebwjournal.wos.{CLOUD_DEV_PHASE}.{CLOUD_ENVIRONMENT},clarivate.com,/,/api/jcr3/bwjournal/.*||,null,FALSE,session-validation||cors||eureka-router||eureka-router||cors||session-validation||,incites-jcr-be-bwjournal
dratdmarketingui.dra.produs.{CLOUD_ENVIRONMENT},clarivate.com,/,"/ui/dratd/marketing||""/marketing/dratd""||",null,FALSE,request-transformer||request-transformer||eureka-router||eureka-router||,dra-marketing-gui
fcrextraction.{CLOUD_STACK}.{CLOUD_DEV_PHASE}.{CLOUD_ENVIRONMENT},clarivate.com,/fcr/extract,/api/fcr/extract||,null,TRUE,key-auth||acl||rate-limiting||eureka-router||rate-limiting||acl||,fcr-extract
null,translation-common.prod.singularity.clarivate.com,/,"/sing/sing-trans||""/sing/prod/sing-trans""||",null,TRUE,jwt||,singularity-translations-prod-api
null,webacq-common.prod.singularity.clarivate.com,/,"/sing/sing-webacq||""/sing/prod/sing-webacq""||",null,TRUE,cors||jwt||cors||,singularity-webacq-common-prod-api
cddianalytics.cddi.produs.{CLOUD_ENVIRONMENT},clarivate.com,/,/api/cddi/analytics||,null,TRUE,jwt||eureka-router||auth-extensions||,cddi-analytics-api-2
horizonfrontend.horizon.produs.{CLOUD_ENVIRONMENT},clarivate.com,/,/horizon||,null,TRUE,eureka-router||,horizon-ui
null,roles-api-int.prod.cc.clarivate.com,/,/api||,roles-api.prod.cc.clarivate.com||,FALSE,cors||cors||jwt||,rics-roles
null,chemcur-common.prod.singularity.clarivate.com,/,"/sing/chem-master||""/sing/prod/chem-master""||",null,TRUE,cors||jwt||cors||,singularity-chem-master-prod-api
spmasterservices.{CLOUD_STACK}.{CLOUD_DEV_PHASE}.{CLOUD_ENVIRONMENT},clarivate.com,/,/api/spmaster||,null,FALSE,url-replace||eureka-router||url-replace||,sp-master-service
incitesjcr3bejournalprofile.wos.{CLOUD_DEV_PHASE}.{CLOUD_ENVIRONMENT},clarivate.com,/,/api/jcr3/journalprofile/.*||,null,FALSE,cors||session-validation||eureka-router||session-validation||,incites-jcr-be-journalprofile-api
horizonfrontend.horizon.produs.{CLOUD_ENVIRONMENT},clarivate.com,/,/supplychain||,null,TRUE,eureka-router||eureka-router||,scn-ui
tisearchdsl.{CLOUD_STACK}.{CLOUD_DEV_PHASE}.{CLOUD_ENVIRONMENT},clarivate.com,/,/internal/tisearchdsl/v1||,null,TRUE,cors||eureka-router||,tisearchdsl
cddiontologies.cddi.produs.{CLOUD_ENVIRONMENT},clarivate.com,/,/api/cddi/ontologies||,null,FALSE,jwt||auth-extensions||url-replace||eureka-router||,cddi-ontologies-api-2
cortellisexportapp.cortellis.produs.{CLOUD_ENVIRONMENT},clarivate.com,/,/cortellis/export/.*||,api.us-west-2.prod1.prod.oneplatform.build||,FALSE,url-replace||url-replace||eureka-router||,cortellis-export-app-us
null,publons.com,/,/wos-researcher/profile||,null,FALSE,url-replace||,wos-researcher-profile
1palertmanager.{CLOUD_STACK}.{CLOUD_DEV_PHASE}.{CLOUD_ENVIRONMENT},clarivate.com,/,/internal/alertmanager||,null,TRUE,eureka-router||correlation-id||,alert-manager
1pexampleservice.{CLOUD_STACK}.{CLOUD_DEV_PHASE}.{CLOUD_ENVIRONMENT},clarivate.com,/stress,/stress-test||,null,TRUE,acl||eureka-router||key-auth||acl||key-auth||,stress-test
null,pharma-master-service.prod.singularity.clarivate.com,/,"/sing/pharma-master-service||""/sing/prod/pharma-master-service""||",null,TRUE,cors||cors||jwt||,singularity-pharma-master-service-prod-api
horizonsearch.horizon.produs.{CLOUD_ENVIRONMENT},clarivate.com,/,/api/supplychain/ping||,null,FALSE,url-replace||jwt||eureka-router||,scn-api
cortellissearchapi.cortellis.produs.{CLOUD_ENVIRONMENT},clarivate.com,/,"/api/testget/.*||""/api/fetchLandingPageConfig""||""/api/searchdata""||""/api/landing""||""/api/headerConfig""||""/api/landingPageSearchFilters""||""/api/landingPageChart""||""/api/cortellis/search/.*""||",api.us-west-2.prod1.prod.oneplatform.build||,FALSE,jwt||jwt||url-replace||eureka-router||eureka-router||url-replace||,cortellis-search-api-us
matchingservice.{CLOUD_STACK}.{CLOUD_DEV_PHASE}.{CLOUD_ENVIRONMENT},clarivate.com,/match/,/api/match||,null,TRUE,acl||key-auth||eureka-router||eureka-router||rate-limiting||,match
null,perseus-crud-acpt.eks.apps.acc.compumark.com,/,"/sing/perseus/crud||""/sing/prod/perseus/crud""||",null,TRUE,cors||jwt||,singularity-perseus-crud-prod-api
cortellisfrontend.cortellis.produs.{CLOUD_ENVIRONMENT},clarivate.com,/,/intelligence/suite||,api.us-west-2.prod1.prod.oneplatform.build||,TRUE,eureka-router||,cortellis-frontend-us
null,pdf2xml-common.prod.singularity.clarivate.com,/,"/sing/pdf2xml||""/sing/prod/pdf2xml""||",null,TRUE,cors||jwt||,singularity-pdf-xml-common-prod-api
null,publons.com,/,/wos-researcher/dashboard||,null,FALSE,url-replace||,wos-researcher-dashboard
igrentity.{CLOUD_STACK}.{CLOUD_DEV_PHASE}.{CLOUD_ENVIRONMENT},clarivate.com,/,/apiv2/igr/entity||,null,FALSE,eureka-router||jwt||url-replace||,igr-entity-api
woswurssushiservicecounterr5.wos.{CLOUD_DEV_PHASE}.{CLOUD_ENVIRONMENT},clarivate.com,/counter/r5,/api/counter/r5||,null,TRUE,custom-key-headers||eureka-router||key-auth||acl||custom-key-headers||request-transformer||,sushi-api
1pprofiles.{CLOUD_STACK}.{CLOUD_DEV_PHASE}.{CLOUD_ENVIRONMENT},clarivate.com,/,"/api/profile/user||""/api/profile/field/summary""||""/api/profile/audit""||""/api/profile/user""||""/api/profile/field/summary""||",null,FALSE,url-replace||eureka-router||jwt||,platform-profile-client
cortellisretrieveapi.cortellis.produs.{CLOUD_ENVIRONMENT},clarivate.com,/,"/api/cortellis/retrieve||""/api/retrievetestget/.*""||""/api/retrievegrcdata""||""/api/retrieveirdata""||""/api/retrieversdata""||""/api/browseRetrieveData""||",api.us-west-2.prod1.prod.oneplatform.build||,FALSE,eureka-router||jwt||url-replace||,cortellis-retrieve-api-us
cortellissvgextractorcomponent.cortellis.{CLOUD_ENVIRONMENT},clarivate.com,/,/internal/svg-extractor||,api.eu-west-1.prod1.prod.oneplatform.build||,TRUE,eureka-router||,cortellis-svgextractor-api-eu
ccorgresolutionservice.{CLOUD_STACK}.{CLOUD_DEV_PHASE}.{CLOUD_ENVIRONMENT},clarivate.com,/address,/api/ccorgresolutionservice/v1/address||,null,TRUE,eureka-router||acl||key-auth||,ccorgresolutionservice
nptypeahead.newport.produs.{CLOUD_ENVIRONMENT},clarivate.com,/,/api/generics/suggest||,null,FALSE,url-replace||eureka-router||jwt||,cgi-type-ahead
citationconfidence.{CLOUD_STACK}.{CLOUD_DEV_PHASE}.{CLOUD_ENVIRONMENT},clarivate.com,/citationscore,/api/citationscore||,null,TRUE,eureka-router||key-auth||acl||,citation-score
null,chub-common.prod.singularity.clarivate.com,/,"/sing/chub-common||""/sing/prod/chub-common""||",null,TRUE,cors||jwt||,singularity-chub-common-prod-api
cortellisexternalapi.cortellis.{CLOUD_ENVIRONMENT},clarivate.com,/,/cortellisexternal||,api.us-west-2.prod1.prod.oneplatform.build||,FALSE,eureka-router||,cortellis-external-api-us
wosnxcore.wos.{CLOUD_DEV_PHASE}.{CLOUD_ENVIRONMENT},clarivate.com,/,/api/wosnxcorews||,null,TRUE,eureka-router||,wos-nx-core-ws
journalprofile.scholarone.{CLOUD_DEV_PHASE}.{CLOUD_ENVIRONMENT},clarivate.com,/,/api/jprof/public||,null,FALSE,eureka-router||url-replace||eureka-router||,journal-profile-api
null,ext-api.iplab-prod.prod.ipcloud.aws.clarivate.net,/,"/caselaw/search||""/patents/search""||""/trademarks/search""||",null,FALSE,rate-limiting||rate-limiting||key-auth||acl||custom-key-headers||rate-limiting||rate-limiting||rate-limiting||rate-limiting||rate-limiting||rate-limiting||rate-limiting||rate-limiting||rate-limiting||rate-limiting||,ipdata-api
cddiconfig.cddi.produs.{CLOUD_ENVIRONMENT},clarivate.com,/,/api/cddi/config||,null,FALSE,eureka-router||auth-extensions||url-replace||jwt||,cddi-config-api-2
1pmanumatcher.{CLOUD_STACK}.{CLOUD_DEV_PHASE}.{CLOUD_ENVIRONMENT},clarivate.com,/,/internal/api/matcher||,null,FALSE,key-auth||url-replace||eureka-router||url-replace||acl||,matcher-internal-api
kpagui.{CLOUD_STACK}.{CLOUD_DEV_PHASE}.{CLOUD_ENVIRONMENT},clarivate.com,/,/kpa||,null,FALSE,request-transformer||eureka-router||,kpa-frontend
null,rics-ui-int.prod.cc.clarivate.com,/,/||,"rics.prod.cc.clarivate.com||""rics.cc.clarivate.com""||",FALSE,cors||,rics-ui
dratdentity.dra.produs.{CLOUD_ENVIRONMENT},clarivate.com,/,"/api/dra/analytics/aggregations||""/api/dra/analytics/related/entities""||""/api/dra/analytics/graphic""||""/api/dra/analytics/entity/decorator""||""/api/dra-td/healthcheck""||",null,FALSE,auth-extensions||jwt||url-replace||url-replace||eureka-router||,dra-td-entity
null,mockbin.org,/,/request||,null,FALSE,rate-limiting||rate-limiting||key-auth||rate-limiting||custom-key-headers||rate-limiting||rate-limiting||acl||,mockbin
cortellisresultsapp.cortellis.produs.{CLOUD_ENVIRONMENT},clarivate.com,/,/cortellis/results/.*||,api.us-west-2.prod1.prod.oneplatform.build||,FALSE,url-replace||eureka-router||url-replace||,cortellis-results-component-us
iplab.{CLOUD_STACK}.{CLOUD_DEV_PHASE}.{CLOUD_ENVIRONMENT},clarivate.com,/,/iplab||,null,TRUE,eureka-router||,iplab-api
null,roles-ui-int.prod.cc.clarivate.com,/,/||,"roles.cc.clarivate.com||""roles.prod.cc.clarivate.com""||",FALSE,cors||,rics-roles-ui
npcfgui.newport.produs.{CLOUD_ENVIRONMENT},clarivate.com,/,/generics||,null,FALSE,eureka-router||request-transformer||eureka-router||,cgi-frontend
1pexampleservice.{CLOUD_STACK}.{CLOUD_DEV_PHASE}.{CLOUD_ENVIRONMENT},httpbin.org,/demo/all/,/eureka-test||,null,TRUE,eureka-router||eureka-router||acl||key-auth||,eureka-test
null,127.0.0.1,/,/internal/api/cmc/dynamo/.*||,null,FALSE,aws-lambda||url-replace||,cmc-dynamo-lambda
cortellisconfigurationapi.cortellis.prodeu.{CLOUD_ENVIRONMENT},clarivate.com,/,/api/cortellis/static||,api.eu-west-1.prod1.prod.oneplatform.build||,FALSE,url-replace||url-replace||eureka-router||,cortellis-configuration-noauth-api-eu
iipedge.wos.{CLOUD_DEV_PHASE}.{CLOUD_ENVIRONMENT},clarivate.com,/myorg/,/api/myorg||,null,TRUE,key-auth||acl||eureka-router||custom-key-headers||eureka-router||acl||,myorg
null,127.0.0.1,/,"/internal/api/cmc/alerts||""/internal/api/cmc/alerts/testing/.*""||",null,FALSE,url-replace||aws-lambda||,cmc-alert-lambda
null,portal-wicked.prod1.prod.oneplatform.build,/,"/wicked/v1||""/wicked/v1""||",null,TRUE,correlation-id||rate-limiting||rate-limiting||rate-limiting||acl||acl||oauth2||,portal-api
npapi.newport.produs.{CLOUD_ENVIRONMENT},clarivate.com,/,/api/generics/api||,null,FALSE,url-replace||eureka-router||jwt||,cgi-api
1pcache.1p.{CLOUD_DEV_PHASE}.{CLOUD_ENVIRONMENT},clarivate.com,/,/api/cache/igr||,null,TRUE,jwt||eureka-router||eureka-router||auth-extensions||,cddi-cache
cortellisconfigurationapi.cortellis.prodeu.{CLOUD_ENVIRONMENT},clarivate.com,/,"/api/configtestget||""/api/featureConfig""||""/api/landingPageHeaderConfig""||""/api/configLandingPageTools""||""/api/configEiddo""||""/api/riAdvancedSearch""||""/api/getUserDetails""||""/api/cortellis/configuration""||",api.eu-west-1.prod1.prod.oneplatform.build||,FALSE,eureka-router||jwt||url-replace||,cortellis-configuration-api-eu
1pmwsbridge.{CLOUD_STACK}.{CLOUD_DEV_PHASE}.{CLOUD_ENVIRONMENT},clarivate.com,/,/api/wosnx/rrc/bridge/mws/.*||,null,FALSE,eureka-router||eureka-router||url-replace||,mws-bridge-api
cortellisuserdetailsapi.cortellis.produs.{CLOUD_ENVIRONMENT},clarivate.com,/,/api/cortellis/userdetails||,api.us-west-2.prod1.prod.oneplatform.build||,FALSE,eureka-router||url-replace||jwt||jwt||,cortellis-user-details-api-us
dratdscore.dra.produs.{CLOUD_ENVIRONMENT},clarivate.com,/,/api/dra-td/score||,null,FALSE,jwt||eureka-router||jwt||auth-extensions||auth-extensions||url-replace||,dra-td-score
null,task-mgmt-common.prod.singularity.clarivate.com,/,"/sing/sing-task-mgmt||""/sing/prod/sing-task-mgmt""||",null,TRUE,jwt||,singularity-task-management-prod-api
igrtypeahead.cddi.produs.{CLOUD_ENVIRONMENT},clarivate.com,/,/api/igr/suggest||,null,FALSE,url-replace||jwt||eureka-router||auth-extensions||,igr-type-ahead-api-2
1pprofiles.{CLOUD_STACK}.{CLOUD_DEV_PHASE}.{CLOUD_ENVIRONMENT},clarivate.com,/,"/api/profile/key/user||""/api/profile/key/field/summary""||",null,FALSE,ip-restriction||eureka-router||rate-limiting||rate-limiting||url-replace||rate-limiting||eureka-router||rate-limiting||url-replace||key-auth||acl||rate-limiting||,platform-profile-client-key-auth
null,127.0.0.1,/,/compumark-documents/api||,null,FALSE,acl||custom-key-headers||aws-lambda||cors||acl||response-transformer||cors||aws-lambda||key-auth||,compumark-documents
patentabilitysearchservice.{CLOUD_STACK}.{CLOUD_DEV_PHASE}.{CLOUD_ENVIRONMENT},clarivate.com,/,/api/dsps||,null,TRUE,cors||cors||correlation-id||key-auth||correlation-id||eureka-router||acl||,patentability-search-service
1pexp.{CLOUD_STACK}.{CLOUD_DEV_PHASE}.{CLOUD_ENVIRONMENT},clarivate.com,/experiment/,/api/experiment||,null,TRUE,eureka-router||acl||eureka-router||key-auth||acl||custom-key-headers||,experiment
cddiconfig.{CLOUD_STACK}.{CLOUD_DEV_PHASE}.{CLOUD_ENVIRONMENT},clarivate.com,/,/apiv2/cddi/config||,null,FALSE,url-replace||eureka-router||eureka-router||jwt||,cddi-config-api
wosnxtypeahead.{CLOUD_STACK}.{CLOUD_DEV_PHASE}.{CLOUD_ENVIRONMENT},clarivate.com,/,/api/wosnx/suggestorg||,null,TRUE,eureka-router||,wos-nx-org-typeahead
null,pub-journals-common.prod.singularity.clarivate.com,/,"/sing/prod/pub-journals-common||""/sing/pub-journals-common""||",null,TRUE,jwt||cors||,singularity-pub-journals-common-prod-api
1pauth.{CLOUD_STACK}.{CLOUD_DEV_PHASE}.{CLOUD_ENVIRONMENT},clarivate.com,/,/internal/api/authorize||,null,FALSE,url-replace||eureka-router||eureka-router||,oauth-api
cddientity.cddi.produs.{CLOUD_ENVIRONMENT},clarivate.com,/,/api/cddi/entity||,null,FALSE,url-replace||auth-extensions||eureka-router||jwt||,cddi-entity-api-2
null,publons.com,/,/api/wosrl||,null,FALSE,rate-limiting||custom-key-headers||rate-limiting||rate-limiting||rate-limiting||acl||request-transformer||rate-limiting||acl||rate-limiting||rate-limiting||key-auth||rate-limiting||,wosrl-api
null,notifications-common.prod.singularity.clarivate.com,/,/sing/sing-notif||,null,TRUE,jwt||,singularity-notification-api
wosnxindic.wos.{CLOUD_DEV_PHASE}.{CLOUD_ENVIRONMENT},clarivate.com,/indic,/api/wosnx/indic||,null,TRUE,eureka-router||eureka-router||,wos-nx-indic
ccauthorshipresolution.{CLOUD_STACK}.{CLOUD_DEV_PHASE}.{CLOUD_ENVIRONMENT},clarivate.com,/,/api/authorship||,null,FALSE,eureka-router||url-replace||eureka-router||jwt||,cc-authorship-service
cddimarketingui.cddi.produs.{CLOUD_ENVIRONMENT},clarivate.com,/,"/marketing/drugdiscovery||""/ui/drugdiscovery/marketing""||",null,FALSE,eureka-router||request-transformer||,cddi-marketing-gui-api-2
null,publication.prod.cc.oneplatform.build,/,"/sing/prod/publication||""/sing/publication""||",null,TRUE,jwt||,singularity-publication-prod-api
null,source-master-common.prod.singularity.clarivate.com,/,"/sing/source-master||""/sing/prod/source-master""||",null,TRUE,jwt||,singularity-sourcemaster-prod-api
null,ri-ontology-int.prod.cc.clarivate.com,/,/||,"ri-ontology.cc.clarivate.com||""ri-ontology.prod.cc.clarivate.com""||",FALSE,jwt||cors||,rics-ontology
null,developer.clarivate.com,/swagger-ui,/swagger-ui||,null,TRUE,correlation-id||correlation-id||,swagger-ui-portal
1pcommonanalytics.{CLOUD_STACK}.{CLOUD_DEV_PHASE}.{CLOUD_ENVIRONMENT},clarivate.com,/collect/profile,/internal/ca-profiles||,null,TRUE,eureka-router||cors||,ca-profiles
1pfrontend.{CLOUD_STACK}.{CLOUD_DEV_PHASE}.{CLOUD_ENVIRONMENT},clarivate.com,/,/internal||,null,FALSE,url-replace||url-replace||eureka-router||,frontend-api
null,chemcur-common.prod.singularity.clarivate.com,/,"/wipdbws||""/chemeditor""||""/dcrws""||",null,FALSE,jwt||,singularity-chemistry-master-api
wosrl.{CLOUD_STACK}.{CLOUD_DEV_PHASE}.{CLOUD_ENVIRONMENT},publons.com,/,/wosrl||,null,TRUE,eureka-router||eureka-router||,wosrl
wosjournals.wos.prod1.prod,clarivate.com,/,/apis/wos-journals/v1||,null,TRUE,rate-limiting||eureka-router||rate-limiting||rate-limiting||rate-limiting||key-auth||rate-limiting||rate-limiting||acl||rate-limiting||rate-limiting||rate-limiting||rate-limiting||rate-limiting||rate-limiting||rate-limiting||rate-limiting||rate-limiting||rate-limiting||rate-limiting||rate-limiting||rate-limiting||rate-limiting||rate-limiting||rate-limiting||rate-limiting||rate-limiting||rate-limiting||rate-limiting||rate-limiting||rate-limiting||rate-limiting||,wos-journal
null,publons.com,/,/wos-researcher/publication||,null,FALSE,url-replace||,wos-researcher-publication
null,ac.prod-wos.com,/AC/autoComplete.do,/api/wosnx/typeahead/publications||,null,TRUE,null,wos-nx-publication-typeahead
null,comm-master-common.prod.singularity.clarivate.com,/,"/sing/commercial-items||""/sing/prod/commercial-items""||",null,TRUE,cors||jwt||,singularity-comm-master-common-prod-api
wosrecommendationservice.{CLOUD_STACK}.{CLOUD_DEV_PHASE}.{CLOUD_ENVIRONMENT},clarivate.com,/,/api/wosnx/recommend||,null,TRUE,cors||eureka-router||key-auth||correlation-id||key-auth||acl||correlation-id||,wos-recommendation-service
sep5gservice.{CLOUD_STACK}.{CLOUD_DEV_PHASE}.{CLOUD_ENVIRONMENT},clarivate.com,/,/api/sep5g||,null,TRUE,acl||eureka-router||correlation-id||cors||eureka-router||key-auth||,sep-5g-service
null,triage-api-int.prod.cc.clarivate.com,/,/api||,triage-api.prod.cc.clarivate.com||,FALSE,jwt||cors||cors||,rics-triage
null,pharma-master-resolution-service.prod.singularity.clarivate.com,/,"/sing/pharma-master-resolution-service||""/sing/prod/pharma-master-resolution-service""||",null,TRUE,cors||jwt||,singularity-pharma-master-resolution-service-prod-api
apiusage.{CLOUD_STACK}.{CLOUD_DEV_PHASE}.{CLOUD_ENVIRONMENT},clarivate.com,/customer/usage,/internal/api-usage||,null,TRUE,eureka-router||eureka-router||,api-usage
wosjcrjif.wos.{CLOUD_DEV_PHASE}.{CLOUD_ENVIRONMENT},clarivate.com,/,/api/jcr/jif/.*||,null,FALSE,url-replace||cors||cors||eureka-router||,wos-jcr-jif-api
null,sing-platform-common.prod.singularity.clarivate.com,/,"/sing/sing-platform-common||""/sing/prod/sing-platform-common""||",null,TRUE,jwt||,singularity-platform-prod-api
null,rics-api-int.prod.cc.clarivate.com,/,/api||,rics-api.prod.cc.clarivate.com||,FALSE,cors||jwt||cors||,rics
null,appstream.prod.singularity.clarivate.com,/,"/sing/app-stream||""/sing/prod/app-stream""||",null,TRUE,cors||jwt||,singularity-app-stream-prod-api
mraservice.scholarone.{CLOUD_DEV_PHASE}.{CLOUD_ENVIRONMENT},clarivate.com,/,/api/mra/public/.*||,null,FALSE,url-replace||eureka-router||,mra-public-api
null,org-master-common.prod.singularity.clarivate.com,/,"/sing/org-master-common||""/sing/prod/org-master-common""||",null,TRUE,jwt||jwt||cors||,singularity-org-master-common-prod-api
null,cl-ontology-common.prod.singularity.clarivate.com,/,"/sing/cl-ontology-common||""/sing/prod/cl-ontology-common""||",null,TRUE,jwt||cors||,singularity-cl-ontology-common-prod-api
wosauthorrecommend.{CLOUD_STACK}.{CLOUD_DEV_PHASE}.{CLOUD_ENVIRONMENT},clarivate.com,/,/api/curation/author/.*||,null,FALSE,url-replace||eureka-router||url-replace||eureka-router||,wos-author-recommend-curation
igrgui.{CLOUD_STACK}.{CLOUD_DEV_PHASE}.{CLOUD_ENVIRONMENT},clarivate.com,/,/igr/drugdiscovery||,null,TRUE,eureka-router||,cddi-gui-api
cortellisalertapi.cortellis.produs.{CLOUD_ENVIRONMENT},clarivate.com,/,/api/cortellis/alert||,api.us-west-2.prod1.prod.oneplatform.build||,FALSE,eureka-router||eureka-router||url-replace||jwt||,cortellis-alert-api-us
wosauthorxform.{CLOUD_STACK}.{CLOUD_DEV_PHASE}.{CLOUD_ENVIRONMENT},clarivate.com,/,/api/wosnx/rrc/researcher||,null,FALSE,eureka-router||wos-session-auth||wos-session-auth||eureka-router||url-replace||,wos-author-xform-service-for-rrc
cortellisexportapp.cortellis.prodeu.{CLOUD_ENVIRONMENT},clarivate.com,/,/cortellis/export/.*||,api.eu-west-1.prod1.prod.oneplatform.build||,FALSE,url-replace||eureka-router||,cortellis-export-app-eu
null,localhost,/,/wicked-echo/v1||,null,TRUE,rate-limiting||oauth2||oauth2||rate-limiting||rate-limiting||rate-limiting||acl||correlation-id||rate-limiting||rate-limiting||,echo
centralsubmission.scholarone.{CLOUD_DEV_PHASE}.{CLOUD_ENVIRONMENT},clarivate.com,/,/api/censub/public||,null,FALSE,eureka-router||url-replace||url-replace||,central-submission-api
npmarketingui.newport.produs.{CLOUD_ENVIRONMENT},clarivate.com,/,"/marketing/generics||""/ui/generics/marketing""||",null,FALSE,eureka-router||request-transformer||request-transformer||,cgi-marketing-gui
rrcfrontend.{CLOUD_STACK}.{CLOUD_DEV_PHASE}.{CLOUD_ENVIRONMENT},clarivate.com,/,/rrcc||,null,TRUE,eureka-router||,rrcc-frontend
dratdguiservices.dra.produs.{CLOUD_ENVIRONMENT},clarivate.com,/,/api/dra/td/gui/services||,null,FALSE,auth-extensions||jwt||eureka-router||url-replace||,dra-td-gui-services
cortellisdealslandingcomponent.cortellis.prodeu.{CLOUD_ENVIRONMENT},clarivate.com,/,/cortellis/landing/deals||,api.eu-west-1.prod1.prod.oneplatform.build||,TRUE,eureka-router||,cortellis-deals-landing-component-eu
null,publons.com,/partner,/reviewer-connect/api/profile||,null,FALSE,request-transformer||rate-limiting||custom-key-headers||key-auth||acl||,reviewer-connect-profiles
cddifilters.{CLOUD_STACK}.{CLOUD_DEV_PHASE}.{CLOUD_ENVIRONMENT},clarivate.com,/,/apiv2/cddi/filters||,null,FALSE,eureka-router||url-replace||eureka-router||jwt||,cddi-filters-api
null,mada-wsm.decisionresourcesgroup.com,/,"/sing/mada||""/sing/prod/mada""||",null,TRUE,cors||jwt||jwt||,singularity-mada-prod-api
cortellisexternalapi.cortellis.{CLOUD_ENVIRONMENT},clarivate.com,/,/cortellisexternal||,api.eu-west-1.prod1.prod.oneplatform.build||,FALSE,eureka-router||,cortellis-external-api-eu
cortellisresultsapp.cortellis.prodeu.{CLOUD_ENVIRONMENT},clarivate.com,/,/cortellis/results/.*||,api.eu-west-1.prod1.prod.oneplatform.build||,FALSE,url-replace||eureka-router||,cortellis-results-component-eu
null,patent-master-common-apsoutheast1.prod.singularity.clarivate.com,/,"/sing/patent-master-apsoutheast1||""/sing/prod/patent-master-apsoutheast1""||",null,TRUE,cors||jwt||cors||,singularity-patent-master-apsoutheast-prod-api
null,deals-master-common.prod.singularity.clarivate.com,/,"/sing/deals||""/sing/prod/deals""||",null,TRUE,jwt||cors||,singularity-deals-master-prod-api
cddiexport.{CLOUD_STACK}.{CLOUD_DEV_PHASE}.{CLOUD_ENVIRONMENT},clarivate.com,/,/apiv2/cddi/export||,null,FALSE,jwt||url-replace||eureka-router||,cddi-export-api
cddiontologies.{CLOUD_STACK}.{CLOUD_DEV_PHASE}.{CLOUD_ENVIRONMENT},clarivate.com,/,/apiv2/cddi/ontologies||,null,FALSE,url-replace||eureka-router||jwt||jwt||,cddi-ontologies-api
1pentitlements.{CLOUD_STACK}.{CLOUD_DEV_PHASE}.{CLOUD_ENVIRONMENT},clarivate.com,/entitlements/,/api/key/entitlements||,null,TRUE,key-auth||eureka-router||acl||acl||,entitlements-key-auth
null,task-mgmt-workflow-model-provider.prod.singularity.clarivate.com,/,"/sing/sing-task-mgmt-wf||""/sing/prod/sing-task-mgmt-wf""||",null,TRUE,jwt||jwt||,singularity-task-mgmt-wf-prod-api
null,chemcur-common-euwest1.prod.singularity.clarivate.com,/,"/sing/chem-master-euwest1||""/sing/prod/chem-master-euwest1""||",null,TRUE,cors||jwt||,singularity-chem-master-euwest-prod-api
null,deals-master-common.prod.singularity.clarivate.com,/,/v1/deals||,null,FALSE,jwt||,singularity-deals-master-api
cortellisreportcomponent.cortellis.prodeu.{CLOUD_ENVIRONMENT},clarivate.com,/,/intelligence/site-report||,api.eu-west-1.prod1.prod.oneplatform.build||,TRUE,eureka-router||,cortellis-report-component-eu
null,user-profiles-common.prod.singularity.clarivate.com,/,"/sing/cc-user-profiles||""/sing/prod/cc-user-profiles""||",null,TRUE,jwt||,singularity-user-profiles-api
ccauthorshipresolution.{CLOUD_STACK}.{CLOUD_DEV_PHASE}.{CLOUD_ENVIRONMENT},clarivate.com,/,"/api/authorship/resolve||""/api/authorship/feedback/extract/single""||""/api/authorship/feedback/extract/ids""||",null,FALSE,eureka-router||url-replace||,cc-authorship-feedback-resolve
1pauth.{CLOUD_STACK}.{CLOUD_DEV_PHASE}.{CLOUD_ENVIRONMENT},clarivate.com,/,/internal/api/domain||,null,FALSE,url-replace||acl||key-auth||eureka-router||,platform-auth-domain-management-api
cddiexport.cddi.produs.{CLOUD_ENVIRONMENT},clarivate.com,/,/api/cddi/export||,null,FALSE,url-replace||jwt||auth-extensions||eureka-router||,cddi-export-api-2
1palertmanager.{CLOUD_STACK}.{CLOUD_DEV_PHASE}.{CLOUD_ENVIRONMENT},clarivate.com,/,/alert-manager-unsubscribe/alerts(/unsubscribe|/content)||,null,FALSE,url-replace||eureka-router||,alert-manager-unsubscribe
cortellisdealslandingcomponent.cortellis.produs.{CLOUD_ENVIRONMENT},clarivate.com,/,/cortellis/landing/deals||,api.us-west-2.prod1.prod.oneplatform.build||,TRUE,eureka-router||,cortellis-deals-landing-component-us
null,publons.com,/partner,/reviewer-connect/api||,null,FALSE,rate-limiting||rate-limiting||rate-limiting||rate-limiting||rate-limiting||rate-limiting||key-auth||rate-limiting||key-auth||rate-limiting||rate-limiting||rate-limiting||rate-limiting||rate-limiting||acl||rate-limiting||rate-limiting||rate-limiting||rate-limiting||rate-limiting||rate-limiting||custom-key-headers||rate-limiting||rate-limiting||rate-limiting||rate-limiting||rate-limiting||rate-limiting||request-transformer||rate-limiting||,reviewer-connect
null,comments.prod.cc.clarivate.com,/,"/sing/prod/pub-comments||""/sing/pub-comments""||",null,TRUE,jwt||,singularity-pub-comments-prod-api
1pprofiles.{CLOUD_STACK}.{CLOUD_DEV_PHASE}.{CLOUD_ENVIRONMENT},clarivate.com,/profile/admin,/api/profile/admin||,null,TRUE,key-auth||rate-limiting||rate-limiting||eureka-router||acl||rate-limiting||,platform-profile-api
caasipd.cortellis.produs.prod,clarivate.com,/,/api/ipd/v1||,null,TRUE,oauth2||acl||acl||eureka-router||eureka-router||,ipd
s1keyextraction.{CLOUD_STACK}.{CLOUD_DEV_PHASE}.{CLOUD_ENVIRONMENT},clarivate.com,/s1/extract/,/api/s1/extract||,null,TRUE,acl||eureka-router||key-auth||,m_extract
1pcontainer.1p.{CLOUD_DEV_PHASE}.{CLOUD_ENVIRONMENT},clarivate.com,/,/api/container/v2||,null,TRUE,eureka-router||jwt||jwt||,onep-container
journalprofile.scholarone.{CLOUD_DEV_PHASE}.{CLOUD_ENVIRONMENT},your.new.api,/,/api/jprof/restricted||,null,FALSE,url-replace||jwt||jwt||eureka-router||eureka-router||url-replace||,journal-profile-restricted-api
1pauth.{CLOUD_STACK}.{CLOUD_DEV_PHASE}.{CLOUD_ENVIRONMENT},clarivate.com,/,"/internal/api/session||""/internal/api/sso""||""/internal/api/email""||",null,FALSE,url-replace||eureka-router||,session-service-api
null,comm-master-common.prod.singularity.clarivate.com,/,"/commercial-items||""/commercial-items-sqs-api""||""/lscom-workerengine-sqs-listener""||",null,FALSE,jwt||,comm-master-api
feedback_service.{CLOUD_STACK}.{CLOUD_DEV_PHASE}.{CLOUD_ENVIRONMENT},clarivate.com,/,/api/data||,null,FALSE,key-auth||acl||eureka-router||,ds_feedbackservice
cortellisreportcomponent.cortellis.produs.{CLOUD_ENVIRONMENT},clarivate.com,/,/intelligence/site-report||,api.us-west-2.prod1.prod.oneplatform.build||,TRUE,eureka-router||eureka-router||,cortellis-report-component-us
null,mockbin.org,/,/headers||,null,FALSE,rate-limiting||oauth2||rate-limiting||acl||,mockbinoauth
draexcelexport.dra.produs.{CLOUD_ENVIRONMENT},clarivate.com,/,/api/dra/excel/export||,null,FALSE,url-replace||auth-extensions||jwt||eureka-router||eureka-router||,dra-excel-export-api
cmcgui.{CLOUD_STACK}.{CLOUD_DEV_PHASE}.{CLOUD_ENVIRONMENT},clarivate.com,/,/cmc||,null,TRUE,eureka-router||eureka-router||,cmc-gui
1plinksentitlements.{CLOUD_STACK}.{CLOUD_DEV_PHASE}.{CLOUD_ENVIRONMENT},clarivate.com,/,/api/links/entitlements||,null,FALSE,url-replace||eureka-router||ip-restriction||,links-entitlement-api
woslinks.{CLOUD_STACK}.{CLOUD_DEV_PHASE}.{CLOUD_ENVIRONMENT},clarivate.com,/,/api/links||,null,FALSE,ip-restriction||ip-restriction||eureka-router||url-replace||url-replace||,links-api
null,localhost,/,/status||,null,FALSE,acl||key-auth||rate-limiting||,kongstatus
wosldui.wos.{CLOUD_DEV_PHASE}.{CLOUD_ENVIRONMENT},clarivate.com,/,/wosdashboard||,null,TRUE,eureka-router||,wosld-frontend-api
null,pub-books-common.prod.singularity.clarivate.com,/,"/sing/books||""/sing/prod/books""||",null,TRUE,cors||jwt||jwt||,singularity-pub-books-prod-api
iipedge.wos.{CLOUD_DEV_PHASE}.{CLOUD_ENVIRONMENT},clarivate.com,/,/api/iip/.*||,null,FALSE,url-replace||eureka-router||session-validation||,iip-edge-api
publisherportaldataservice.scholarone.{CLOUD_DEV_PHASE}.{CLOUD_ENVIRONMENT},clarivate.com,/,/api/wpp/.*||,null,FALSE,cors||url-replace||eureka-router||url-replace||jwt||,wpp-data-service-api
cortellisexportsearchapi.cortellis.produs.{CLOUD_ENVIRONMENT},clarivate.com,/,/api/cortellis/export||,api.us-west-2.prod1.prod.oneplatform.build||,FALSE,eureka-router||jwt||url-replace||,cortellis-export-search-api-us
cdditable.cddi.produs.{CLOUD_ENVIRONMENT},clarivate.com,/,"/api/cddi/table||""/api/cddi/counts""||""/api/cddi/ids""||",null,FALSE,jwt||auth-extensions||eureka-router||url-replace||,cddi-table-api-2
incitesrffelistrfs.wos.{CLOUD_DEV_PHASE}.{CLOUD_ENVIRONMENT},clarivate.com,/,/rf||,null,FALSE,eureka-router||cors||,incites-rf-fe-listrfs
igrtypeahead.{CLOUD_STACK}.{CLOUD_DEV_PHASE}.{CLOUD_ENVIRONMENT},clarivate.com,/,/apiv2/igr/suggest||,null,FALSE,url-replace||eureka-router||jwt||url-replace||eureka-router||,igr-type-ahead-api
null,prod-drug-master-common.prod.singularity.clarivate.com,/,"/sing/prod-drug-master||""/sing/prod/prod-drug-master""||",null,TRUE,jwt||cors||cors||,singularity-prod-drug-master-prod-api
cortellisdrugdbretrieveapi.cortellis.{CLOUD_ENVIRONMENT},clarivate.com,/,/cortellisdrugdbretrieveapi||,null,FALSE,eureka-router||,cortellis-drug-api
mraservice.scholarone.{CLOUD_DEV_PHASE}.{CLOUD_ENVIRONMENT},clarivate.com,/,/api/mra||,null,TRUE,jwt||eureka-router||eureka-router||,mra-restricted-api
cortellisdealsanalyticsapp.cortellis.produs.prod,clarivate.com,/,/cortellis/dealsanalytics||,api.us-west-2.prod1.prod.oneplatform.build||,TRUE,eureka-router||,cortellis-dealsanalytics-app-us
cortellisexportsearchapi.cortellis.prodeu.{CLOUD_ENVIRONMENT},clarivate.com,/,/api/cortellis/export||,api.eu-west-1.prod1.prod.oneplatform.build||,FALSE,eureka-router||jwt||url-replace||,cortellis-export-search-api-eu
igroverview.cddi.produs.{CLOUD_ENVIRONMENT},clarivate.com,/,"/api/igr/overview||""/api/igr/search""||""/api/igr/filter""||""/api/igr/overview/config""||""/api/igr/overview/ping""||",null,FALSE,jwt||url-replace||auth-extensions||eureka-router||,igr-overview-api-2
matchingservice.{CLOUD_STACK}.{CLOUD_DEV_PHASE}.{CLOUD_ENVIRONMENT},clarivate.com,/,/api/pubmatch||,null,TRUE,eureka-router||acl||key-auth||,pubmatch
citationresolutionservice.{CLOUD_STACK}.{CLOUD_DEV_PHASE}.{CLOUD_ENVIRONMENT},clarivate.com,/,/api/crs||,null,TRUE,acl||rate-limiting||correlation-id||eureka-router||eureka-router||key-auth||cors||cors||,citation-resolution-service
cortellisdownloadapi.cortellis.produs.{CLOUD_ENVIRONMENT},clarivate.com,/,/api/cortellis/download||,api.us-west-2.prod1.prod.oneplatform.build||,FALSE,eureka-router||jwt||url-replace||,cortellis-download-api-us
cmcapi.{CLOUD_STACK}.{CLOUD_DEV_PHASE}.{CLOUD_ENVIRONMENT},clarivate.com,/,/api/cmc/services||,null,FALSE,jwt||eureka-router||eureka-router||,cmc-api
wosalertingui.wos.{CLOUD_DEV_PHASE}.{CLOUD_ENVIRONMENT},clarivate.com,/,/alerts||,null,TRUE,eureka-router||,wos-alerting-ui
iipfrontend.wos.{CLOUD_DEV_PHASE}.{CLOUD_ENVIRONMENT},clarivate.com,/,/iip||,null,TRUE,eureka-router||eureka-router||,iip-frontend-api
null,publons.com,/,/wos-researcher/stats||,null,FALSE,url-replace||,wos-researcher-stats
npexport.newport.produs.{CLOUD_ENVIRONMENT},clarivate.com,/,/api/generics/export||,null,FALSE,jwt||url-replace||jwt||eureka-router||,cgi-export
cddistorage.cddi.produs.{CLOUD_ENVIRONMENT},clarivate.com,/,/api/cddi/storage||,null,TRUE,jwt||eureka-router||auth-extensions||,cddi-storage-2
incitesjcr3frontend.wos.{CLOUD_DEV_PHASE}.{CLOUD_ENVIRONMENT},clarivate.com,/,/jcr||,null,FALSE,eureka-router||,incites-jcr-fe-browse-by-journals
igrgui.cddi.produs.{CLOUD_ENVIRONMENT},clarivate.com,/,/drugdiscovery||,null,TRUE,eureka-router||,cddi-gui-api-2
cortellisdealsanalyticsapi.cortellis.prodeu.prod,clarivate.com,/,/api/cortellis/cortellisdealsanalyticsapi||,api.eu-west-1.prod1.prod.oneplatform.build||,FALSE,eureka-router||jwt||url-replace||,cortellis-deals-analytics-api-eu
null,cmapi.apps.compumark.com,/,/compumark-content/api/v1(?!/user-config|/cache|/actuator)||,null,TRUE,rate-limiting||rate-limiting||rate-limiting||rate-limiting||rate-limiting||rate-limiting||rate-limiting||rate-limiting||rate-limiting||rate-limiting||rate-limiting||rate-limiting||rate-limiting||rate-limiting||rate-limiting||rate-limiting||rate-limiting||acl||rate-limiting||rate-limiting||rate-limiting||rate-limiting||rate-limiting||rate-limiting||rate-limiting||rate-limiting||rate-limiting||rate-limiting||rate-limiting||rate-limiting||cors||rate-limiting||rate-limiting||rate-limiting||rate-limiting||rate-limiting||rate-limiting||rate-limiting||rate-limiting||rate-limiting||rate-limiting||rate-limiting||rate-limiting||rate-limiting||rate-limiting||rate-limiting||rate-limiting||rate-limiting||rate-limiting||rate-limiting||rate-limiting||rate-limiting||rate-limiting||rate-limiting||rate-limiting||key-auth||rate-limiting||rate-limiting||custom-key-headers||rate-limiting||rate-limiting||rate-limiting||rate-limiting||acl||rate-limiting||rate-limiting||rate-limiting||rate-limiting||,compumark-content
null,journalevaluation.prod.cc.oneplatform.build,/,"/sing/journaleval||""/sing/prod/journaleval""||",null,TRUE,jwt||,singularity-journaleval-prod-api
null,pharma-master-fdm-service.prod.singularity.clarivate.com,/,"/sing/pharma-master-fdm-service||""/sing/prod/pharma-master-fdm-service""||",null,TRUE,jwt||cors||,singularity-pharma-master-fdm-service-prod-api
innovationnetwork.{CLOUD_STACK}.{CLOUD_DEV_PHASE}.{CLOUD_ENVIRONMENT},clarivate.com,/api/innovationnetwork,/api/innovationnetwork||,null,TRUE,key-auth||eureka-router||acl||,innovationnetwork
1pappbridge.{CLOUD_STACK}.{CLOUD_DEV_PHASE}.{CLOUD_ENVIRONMENT},clarivate.com,/,/api/bridge||,null,FALSE,jwt||eureka-router||url-replace||,bridgeclient-api
cortellisconfigurationapi.cortellis.produs.{CLOUD_ENVIRONMENT},clarivate.com,/,"/api/configtestget||""/api/featureConfig""||""/api/landingPageHeaderConfig""||""/api/configLandingPageTools""||""/api/configEiddo""||""/api/riAdvancedSearch""||""/api/getUserDetails""||""/api/cortellis/configuration""||",api.us-west-2.prod1.prod.oneplatform.build||,FALSE,jwt||url-replace||jwt||eureka-router||,cortellis-configuration-api-us
caastaxonomy.cortellis.produs.prod,clarivate.com,/,/api/metabase/v1||,null,TRUE,rate-limiting||eureka-router||rate-limiting||acl||rate-limiting||rate-limiting||oauth2||rate-limiting||,caas-metabase-api
cortellisretrieveapi.cortellis.prodeu.{CLOUD_ENVIRONMENT},clarivate.com,/,"/api/cortellis/retrieve||""/api/retrievetestget/.*""||""/api/retrievegrcdata""||""/api/retrieveirdata""||""/api/retrieversdata""||""/api/browseRetrieveData""||",api.eu-west-1.prod1.prod.oneplatform.build||,FALSE,jwt||url-replace||eureka-router||url-replace||,cortellis-retrieve-api-eu
incitesjcr3fejournalprofilepage.wos.{CLOUD_DEV_PHASE}.{CLOUD_ENVIRONMENT},clarivate.com,/,/jcr-jp||,null,FALSE,eureka-router||,incites-jcr-fe-journal-profile-page
wosnxui.wos.{CLOUD_DEV_PHASE}.{CLOUD_ENVIRONMENT},clarivate.com,/,/wos||,null,TRUE,eureka-router||,wos-nx-ui
igroverview.{CLOUD_STACK}.{CLOUD_DEV_PHASE}.{CLOUD_ENVIRONMENT},clarivate.com,/,"/apiv2/igr/overview||""/apiv2/igr/search""||""/apiv2/igr/filter""||""/apiv2/igr/overview/config""||""/apiv2/igr/overview/ping""||",null,FALSE,jwt||url-replace||eureka-router||,igr-overview-api
null,chemcur-common.prod.singularity.clarivate.com,/,"/sing/chemcur-common||""/sing/prod/chemcur-common""||",null,TRUE,jwt||jwt||cors||,singularity-chemcur-common-prod-api
null,task-mgmt-common.prod.singularity.clarivate.com,/,/task-distribution/v1||,null,FALSE,jwt||jwt||,task-distribution-api
horizonmarketingui.horizon.produs.{CLOUD_ENVIRONMENT},clarivate.com,/,"/marketing/supplychain||""/ui/marketing/supplychain""||",null,FALSE,request-transformer||eureka-router||,scn-marketing-ui
cddifilters.cddi.produs.{CLOUD_ENVIRONMENT},clarivate.com,/,/api/cddi/filters||,null,FALSE,jwt||eureka-router||url-replace||auth-extensions||,cddi-filters-api-2
censubui.scholarone.{CLOUD_DEV_PHASE}.{CLOUD_ENVIRONMENT},clarivate.com,/,"/censub||""/mjl-beta""||",null,TRUE,eureka-router||eureka-router||,censub-frontend-api
cddianalytics.{CLOUD_STACK}.{CLOUD_DEV_PHASE}.{CLOUD_ENVIRONMENT},clarivate.com,/,/apiv2/cddi/analytics||,null,TRUE,jwt||eureka-router||eureka-router||,cddi-analytics-api
watfrontend.{CLOUD_STACK}.{CLOUD_DEV_PHASE}.{CLOUD_ENVIRONMENT},clarivate.com,/,/author||,null,TRUE,eureka-router||eureka-router||,wat-frontend
null,developer.clarivate.com,/ping,/ping-portal||,null,TRUE,rate-limiting||correlation-id||,ping-portal
null,publons.com,/,"/wosrl/api/lookup||""/wosrl/api/search""||",null,TRUE,url-replace||,wosrl-publons-proxy
keywordsimilarityservice.{CLOUD_STACK}.{CLOUD_DEV_PHASE}.{CLOUD_ENVIRONMENT},clarivate.com,/,/api/kss||,null,TRUE,eureka-router||key-auth||acl||acl||cors||key-auth||correlation-id||,keyword-similarity-service
1previewerlocator.{CLOUD_STACK}.{CLOUD_DEV_PHASE}.{CLOUD_ENVIRONMENT},clarivate.com,/reviewer/,/api/m_reviewer||,null,TRUE,key-auth||key-auth||acl||eureka-router||,m_reviewer
1previewerlocator.{CLOUD_STACK}.{CLOUD_DEV_PHASE}.{CLOUD_ENVIRONMENT},clarivate.com,/reviewer/,/api/reviewer||,null,TRUE,acl||eureka-router||acl||key-auth||custom-key-headers||,reviewer
wosnxpublishertypeahead.{CLOUD_STACK}.{CLOUD_DEV_PHASE}.{CLOUD_ENVIRONMENT},clarivate.com,/,/api/wosnx/suggestpub||,null,TRUE,eureka-router||eureka-router||,wos-nx-publisher-typeahead
null,mockbin.org,/request,/mockbin-auth-extensions||,null,TRUE,jwt||auth-extensions||,mockbin-auth-extensions
wosjcrjiffrontend.wos.{CLOUD_DEV_PHASE}.{CLOUD_ENVIRONMENT},clarivate.com,/,/jif||,null,FALSE,eureka-router||eureka-router||,wos-jcr-jif-frontend-api
incitesrestadapter.wos.{CLOUD_DEV_PHASE}.{CLOUD_ENVIRONMENT},clarivate.com,/incites,/api/incites||,null,TRUE,rate-limiting||rate-limiting||rate-limiting||rate-limiting||rate-limiting||rate-limiting||rate-limiting||rate-limiting||rate-limiting||rate-limiting||rate-limiting||rate-limiting||rate-limiting||rate-limiting||rate-limiting||rate-limiting||rate-limiting||rate-limiting||rate-limiting||rate-limiting||rate-limiting||rate-limiting||rate-limiting||rate-limiting||rate-limiting||rate-limiting||rate-limiting||rate-limiting||rate-limiting||rate-limiting||rate-limiting||rate-limiting||rate-limiting||rate-limiting||rate-limiting||rate-limiting||rate-limiting||rate-limiting||rate-limiting||rate-limiting||rate-limiting||rate-limiting||rate-limiting||rate-limiting||rate-limiting||rate-limiting||rate-limiting||rate-limiting||rate-limiting||rate-limiting||rate-limiting||rate-limiting||rate-limiting||rate-limiting||rate-limiting||rate-limiting||rate-limiting||rate-limiting||rate-limiting||rate-limiting||rate-limiting||rate-limiting||rate-limiting||rate-limiting||rate-limiting||rate-limiting||rate-limiting||rate-limiting||custom-key-headers||cors||rate-limiting||rate-limiting||rate-limiting||rate-limiting||rate-limiting||rate-limiting||rate-limiting||rate-limiting||rate-limiting||rate-limiting||rate-limiting||rate-limiting||rate-limiting||rate-limiting||rate-limiting||rate-limiting||rate-limiting||rate-limiting||rate-limiting||rate-limiting||rate-limiting||rate-limiting||rate-limiting||rate-limiting||rate-limiting||rate-limiting||rate-limiting||rate-limiting||request-transformer||rate-limiting||rate-limiting||rate-limiting||rate-limiting||rate-limiting||rate-limiting||rate-limiting||rate-limiting||rate-limiting||rate-limiting||rate-limiting||rate-limiting||rate-limiting||rate-limiting||rate-limiting||rate-limiting||rate-limiting||rate-limiting||rate-limiting||rate-limiting||rate-limiting||rate-limiting||rate-limiting||rate-limiting||rate-limiting||rate-limiting||rate-limiting||rate-limiting||rate-limiting||rate-limiting||eureka-router||rate-limiting||rate-limiting||rate-limiting||rate-limiting||rate-limiting||rate-limiting||rate-limiting||rate-limiting||rate-limiting||rate-limiting||rate-limiting||rate-limiting||rate-limiting||eureka-router||rate-limiting||rate-limiting||rate-limiting||rate-limiting||rate-limiting||rate-limiting||rate-limiting||rate-limiting||rate-limiting||rate-limiting||rate-limiting||rate-limiting||rate-limiting||rate-limiting||rate-limiting||rate-limiting||rate-limiting||rate-limiting||rate-limiting||rate-limiting||rate-limiting||rate-limiting||rate-limiting||rate-limiting||rate-limiting||rate-limiting||rate-limiting||rate-limiting||rate-limiting||rate-limiting||rate-limiting||rate-limiting||rate-limiting||rate-limiting||rate-limiting||rate-limiting||rate-limiting||rate-limiting||rate-limiting||rate-limiting||rate-limiting||rate-limiting||rate-limiting||rate-limiting||rate-limiting||rate-limiting||rate-limiting||rate-limiting||rate-limiting||rate-limiting||rate-limiting||rate-limiting||rate-limiting||rate-limiting||rate-limiting||rate-limiting||rate-limiting||rate-limiting||rate-limiting||rate-limiting||rate-limiting||rate-limiting||rate-limiting||rate-limiting||rate-limiting||rate-limiting||rate-limiting||rate-limiting||rate-limiting||acl||rate-limiting||rate-limiting||rate-limiting||rate-limiting||rate-limiting||rate-limiting||rate-limiting||rate-limiting||rate-limiting||rate-limiting||rate-limiting||rate-limiting||rate-limiting||rate-limiting||rate-limiting||rate-limiting||rate-limiting||rate-limiting||rate-limiting||rate-limiting||rate-limiting||rate-limiting||rate-limiting||rate-limiting||rate-limiting||rate-limiting||rate-limiting||rate-limiting||rate-limiting||rate-limiting||rate-limiting||rate-limiting||rate-limiting||rate-limiting||rate-limiting||rate-limiting||rate-limiting||rate-limiting||rate-limiting||rate-limiting||rate-limiting||rate-limiting||rate-limiting||rate-limiting||rate-limiting||rate-limiting||rate-limiting||rate-limiting||rate-limiting||rate-limiting||rate-limiting||rate-limiting||rate-limiting||rate-limiting||rate-limiting||rate-limiting||rate-limiting||key-auth||rate-limiting||rate-limiting||request-transformer||rate-limiting||rate-limiting||rate-limiting||,incites
null,patent-master-common.prod.singularity.clarivate.com,/,"/sing/patent-master||""/sing/prod/patent-master""||",null,TRUE,jwt||cors||jwt||cors||,singularity-patent-master-common-prod-api
null,rics-api-int.prod.cc.clarivate.com,/,/internal/cda||,rics-api.prod.cc.clarivate.com||,FALSE,key-auth||acl||rate-limiting||,rics-cda
null,ref-master-common.prod.singularity.clarivate.com,/,"/sing/ref-master-common||""/sing/prod/ref-master-common""||",null,TRUE,jwt||cors||,singularity-ref-master-common-prod-api
wosnxalerting.wos.{CLOUD_DEV_PHASE}.{CLOUD_ENVIRONMENT},clarivate.com,/alerting,/api/wosnx/alerting||,null,FALSE,eureka-router||eureka-router||url-replace||url-replace||,wos-nx-alerting
null,pub-publisher-common.prod.singularity.clarivate.com,/,"/sing/prod/pub-publisher-common||""/sing/pub-publisher-common""||",null,TRUE,cors||jwt||,singularity-pub-publisher-common-prod-api
null,sing-search-common.prod.singularity.clarivate.com,/,"/sing/search-common||""/sing/prod/search-common""||",null,TRUE,jwt||,singularity-search-common-prod-api
cmcchangehistory.{CLOUD_STACK}.{CLOUD_DEV_PHASE}.{CLOUD_ENVIRONMENT},clarivate.com,/,/api/cmcchangehistory||,null,FALSE,eureka-router||eureka-router||,cmc-change-history
1plinksgateway.{CLOUD_STACK}.{CLOUD_DEV_PHASE}.{CLOUD_ENVIRONMENT},clarivate.com,/,/api/gateway||,null,FALSE,url-replace||eureka-router||url-replace||,links-gateway-api
centralsubmission.scholarone.{CLOUD_DEV_PHASE}.{CLOUD_ENVIRONMENT},clarivate.com,/,/api/censub/restricted||,null,FALSE,url-replace||jwt||eureka-router||,central-submission-restricted-api
cortellisreportapp.cortellis.prodeu.{CLOUD_ENVIRONMENT},clarivate.com,/,/cortellis/report/.*||,api.eu-west-1.prod1.prod.oneplatform.build||,FALSE,url-replace||eureka-router||eureka-router||,cortellis-report-app-eu
null,user-profiles-common.prod.singularity.clarivate.com,/,/cc-user-profiles-vendor||,null,FALSE,jwt||,singularity-vendor-service-api
cortellisreportapp.cortellis.produs.{CLOUD_ENVIRONMENT},clarivate.com,/,/cortellis/report/.*||,api.us-west-2.prod1.prod.oneplatform.build||,FALSE,eureka-router||url-replace||eureka-router||,cortellis-report-app-us
cortellisuserdetailsapi.cortellis.prodeu.{CLOUD_ENVIRONMENT},clarivate.com,/,/api/cortellis/userdetails||,api.eu-west-1.prod1.prod.oneplatform.build||,FALSE,jwt||eureka-router||url-replace||eureka-router||,cortellis-user-details-api-eu
patent-predictive.{CLOUD_STACK}.{CLOUD_DEV_PHASE}.{CLOUD_ENVIRONMENT},clarivate.com,/,/api/patent-predictive||,null,TRUE,cors||acl||key-auth||eureka-router||,patent-predictive
wosnxcategorytypeahead.{CLOUD_STACK}.{CLOUD_DEV_PHASE}.{CLOUD_ENVIRONMENT},clarivate.com,/,/api/wosnx/suggestcgr||,null,TRUE,eureka-router||,wos-nx-category-typeahead
wosauthorrecommend.{CLOUD_STACK}.{CLOUD_DEV_PHASE}.{CLOUD_ENVIRONMENT},clarivate.com,/author/recommend,/api/author/recommend||,null,TRUE,eureka-router||key-auth||acl||acl||,recommend-publications
wosldservice.wos.{CLOUD_DEV_PHASE}.{CLOUD_ENVIRONMENT},clarivate.com,/,/api/wosdashboard||,null,FALSE,url-replace||eureka-router||jwt||jwt||,wosld-client-api
incitesrfbelistrfs.wos.{CLOUD_DEV_PHASE}.{CLOUD_ENVIRONMENT},clarivate.com,/,/api/rf/list/.*||,null,FALSE,cors||jwt||eureka-router||auth-extensions||,incites-rf-be-listrfs
null,triage-ui-int.prod.cc.clarivate.com,/,/||,triage-ui.prod.cc.clarivate.com||,FALSE,cors||cors||,rics-triage-ui
s1ringgoldtypeahead.{CLOUD_STACK}.{CLOUD_DEV_PHASE}.{CLOUD_ENVIRONMENT},clarivate.com,/s1/suggest/,/api/s1/suggest||,null,TRUE,eureka-router||key-auth||key-auth||acl||,s-suggest
cortellisdownloadapi.cortellis.prodeu.{CLOUD_ENVIRONMENT},clarivate.com,/,/api/cortellis/download||,api.eu-west-1.prod1.prod.oneplatform.build||,FALSE,url-replace||eureka-router||jwt||jwt||,cortellis-download-api-eu
cortellislandingcomponent.cortellis.produs.{CLOUD_ENVIRONMENT},clarivate.com,/,/intelligence/landing||,api.us-west-2.prod1.prod.oneplatform.build||,TRUE,eureka-router||eureka-router||,cortellis-landing-component-us
cddientity.{CLOUD_STACK}.{CLOUD_DEV_PHASE}.{CLOUD_ENVIRONMENT},clarivate.com,/,/apiv2/cddi/entity||,null,FALSE,url-replace||eureka-router||jwt||,cddi-entity
caastaxonomy.cortellis.produs.prod,clarivate.com,/,/api/metabase-lite/v1||,null,TRUE,acl||acl||oauth2||eureka-router||,metabase-lite
sagemakerservice.{CLOUD_STACK}.{CLOUD_DEV_PHASE}.{CLOUD_ENVIRONMENT},clarivate.com,/sagemaker/,/api/sagemaker||,null,TRUE,eureka-router||key-auth||acl||,sagemaker
journalprofile.scholarone.{CLOUD_DEV_PHASE}.{CLOUD_ENVIRONMENT},clarivate.com,/,/internal/api/jprof/public||,null,FALSE,url-replace||eureka-router||eureka-router||,journal-profile-internal-api
null,ontology-master-common.prod.singularity.clarivate.com,/,"/sing/ontology-master-common||""/sing/prod/ontology-master-common""||",null,TRUE,cors||jwt||jwt||cors||,singularity-ontology-master-common-prod-api
cdditable.{CLOUD_STACK}.{CLOUD_DEV_PHASE}.{CLOUD_ENVIRONMENT},clarivate.com,/,"/apiv2/cddi/table||""/apiv2/cddi/counts""||""/apiv2/cddi/ids""||",null,FALSE,jwt||url-replace||eureka-router||jwt||,cddi-table-api
senencoder.{CLOUD_STACK}.{CLOUD_DEV_PHASE}.{CLOUD_ENVIRONMENT},clarivate.com,/api/sencoder,/api/sencoder||,null,TRUE,acl||eureka-router||key-auth||,sen-encoder
wosjcrjif.wos.{CLOUD_DEV_PHASE}.{CLOUD_ENVIRONMENT},clarivate.com,/,/api/jif||,null,FALSE,session-validation||url-replace||eureka-router||session-validation||,wos-jcr-jif-session-api
1pmodels.{CLOUD_STACK}.{CLOUD_DEV_PHASE}.{CLOUD_ENVIRONMENT},clarivate.com,/,/api/models||,null,TRUE,acl||key-auth||eureka-router||acl||eureka-router||,models
wosnxshared.wos.{CLOUD_DEV_PHASE}.{CLOUD_ENVIRONMENT},clarivate.com,/shared,/api/wosnx/shared||,null,TRUE,eureka-router||,wos-nx-shared
cortellisontologyapi.cortellis.prodeu.{CLOUD_ENVIRONMENT},clarivate.com,/,"/api/testgetontology||""/api/browseOntologyData""||""/api/cortellis/ontology""||",api.eu-west-1.prod1.prod.oneplatform.build||,FALSE,eureka-router||url-replace||url-replace||jwt||eureka-router||,cortellis-ontology-api-eu
cortellisdealsanalyticsapp.cortellis.prodeu.prod,clarivate.com,/,/cortellis/dealsanalytics||,api.eu-west-1.prod1.prod.oneplatform.build||,TRUE,eureka-router||,cortellis-dealsanalytics-app-eu
wosauthorxform.{CLOUD_STACK}.{CLOUD_DEV_PHASE}.{CLOUD_ENVIRONMENT},clarivate.com,/researcher,/api/researcher||,null,TRUE,acl||key-auth||acl||eureka-router||key-auth||,rrc-feedback
wppui.scholarone.{CLOUD_DEV_PHASE}.{CLOUD_ENVIRONMENT},clarivate.com,/,/wpp||,null,TRUE,eureka-router||,wpp-ui-api
wosauthorrecommend.{CLOUD_STACK}.{CLOUD_DEV_PHASE}.{CLOUD_ENVIRONMENT},clarivate.com,/author,/api/author||,null,TRUE,key-auth||eureka-router||acl||eureka-router||,author
cortellisconfigurationapi.cortellis.produs.{CLOUD_ENVIRONMENT},clarivate.com,/,/api/cortellis/static||,api.us-west-2.prod1.prod.oneplatform.build||,FALSE,eureka-router||url-replace||,cortellis-configuration-noauth-api-us
npalerts.newport.produs.{CLOUD_ENVIRONMENT},clarivate.com,/,"/api/generics/alerts||""/api/generics/internal/api""||",null,FALSE,url-replace||url-replace||eureka-router||jwt||,cgi-alerts
wosauthorxform.{CLOUD_STACK}.{CLOUD_DEV_PHASE}.{CLOUD_ENVIRONMENT},clarivate.com,/,/api/feedback||,null,FALSE,url-replace||eureka-router||url-replace||,wos-author-xform-feedback
singularityclassification.{CLOUD_STACK}.{CLOUD_DEV_PHASE}.{CLOUD_ENVIRONMENT},clarivate.com,/api/commercial-item,/api/commercial-item||,null,TRUE,acl||acl||eureka-router||key-auth||eureka-router||,singularity-classification
null,stats-powerbi-postgres-lambda.prod.singularity.clarivate.com,/,"/sing/stats-powerbi-postgres||""/sing/prod/stats-powerbi-postgres""||",null,TRUE,jwt||,singularity-stats-powerbi-postgres-prod
1pauth.{CLOUD_STACK}.{CLOUD_DEV_PHASE}.{CLOUD_ENVIRONMENT},clarivate.com,/email/steam/,/api/email/steam||,null,TRUE,eureka-router||key-auth||acl||,steam-email-api
cddimarketingui.integrity.{CLOUD_DEV_PHASE}.{CLOUD_ENVIRONMENT},clarivate.com,/,"/marketing/igr/drugdiscovery||""/ui/igr/drugdiscovery/marketing""||""/marketing/drugdiscovery""||""/ui/drugdiscovery/marketing""||",null,FALSE,request-transformer||eureka-router||,cddi-marketing-gui-api
wosrestadapter.wos.{CLOUD_DEV_PHASE}.{CLOUD_ENVIRONMENT},clarivate.com,/woslite/,/api/woslite||,null,TRUE,eureka-router||cors||custom-key-headers||key-auth||cors||acl||key-auth||,woslite
cortellisdealsanalyticsapi.cortellis.produs.prod,clarivate.com,/,/api/cortellis/cortellisdealsanalyticsapi||,api.us-west-2.prod1.prod.oneplatform.build||,FALSE,eureka-router||jwt||url-replace||eureka-router||,cortellis-deals-analytics-api-us
null,lsclintrials-common.prod.singularity.clarivate.com,/,"/sing/lsclintrials-microservice||""/sing/prod/lsclintrials-microservice""||",null,TRUE,jwt||cors||,singularity-lsclintrials-microservice-prod-api
1plinksentitlementsui.{CLOUD_STACK}.{CLOUD_DEV_PHASE}.{CLOUD_ENVIRONMENT},clarivate.com,/,/linksent||,null,TRUE,eureka-router||ip-restriction||eureka-router||,linksent-frontend-api
igralerts.cddi.produs.{CLOUD_ENVIRONMENT},clarivate.com,/,/api/igr/alerts||,null,TRUE,eureka-router||auth-extensions||jwt||,igr-alerts-api-2
1pentitlements.{CLOUD_STACK}.{CLOUD_DEV_PHASE}.{CLOUD_ENVIRONMENT},clarivate.com,/entitlements/,/internal/entitlements||,null,TRUE,eureka-router||eureka-router||,entitlements-internal
wosauthorrecommend.{CLOUD_STACK}.{CLOUD_DEV_PHASE}.{CLOUD_ENVIRONMENT},clarivate.com,/,/api/wosnx/rrc/author/.*||,null,FALSE,url-replace||wos-session-auth||url-replace||eureka-router||wos-session-auth||,wos-author-recommend-rrc
igralerts.{CLOUD_STACK}.{CLOUD_DEV_PHASE}.{CLOUD_ENVIRONMENT},clarivate.com,/,/apiv2/igr/alerts||,null,TRUE,jwt||eureka-router||jwt||,igr-alerts-api
1pauth.{CLOUD_STACK}.{CLOUD_DEV_PHASE}.{CLOUD_ENVIRONMENT},clarivate.com,/,/api/session/user||,null,FALSE,eureka-router||url-replace||request-transformer||request-transformer||,iam-get-session
null,your.new.api,/,/converisreadapi||,null,TRUE,null,converisreadapi
null,127.0.0.1,/,/internal/api/cmc/formatting||,null,FALSE,aws-lambda||url-replace||url-replace||,cmc-formatting-lambda
wosnxauthortypeahead.{CLOUD_STACK}.{CLOUD_DEV_PHASE}.{CLOUD_ENVIRONMENT},clarivate.com,/,/api/wosnx/suggestauthor||,null,TRUE,eureka-router||,wos-nx-author-typeahead
cortellissvgextractorcomponent.cortellis.{CLOUD_ENVIRONMENT},clarivate.com,/,/intelligence/cortellis-report-section||,api.eu-west-1.prod1.prod.oneplatform.build||,TRUE,eureka-router||eureka-router||,cortellis-report-section-app-eu
dratdexploration.dra.produs.{CLOUD_ENVIRONMENT},clarivate.com,/,/api/dra-td/exploration||,null,FALSE,auth-extensions||eureka-router||jwt||url-replace||,dra-td-exploration
cortellissearchapi.cortellis.prodeu.{CLOUD_ENVIRONMENT},clarivate.com,/,"/api/testget/.*||""/api/fetchLandingPageConfig""||""/api/searchdata""||""/api/landing""||""/api/headerConfig""||""/api/landingPageSearchFilters""||""/api/landingPageChart""||""/api/cortellis/search/.*""||",api.eu-west-1.prod1.prod.oneplatform.build||,FALSE,eureka-router||jwt||url-replace||,cortellis-search-api-eu
cortellisfrontend.cortellis.prodeu.{CLOUD_ENVIRONMENT},clarivate.com,/,/intelligence/suite||,api.eu-west-1.prod1.prod.oneplatform.build||,TRUE,eureka-router||,cortellis-frontend-eu
cortellislandingapp.cortellis.produs.{CLOUD_ENVIRONMENT},clarivate.com,/,/cortellis/landing/ri||,api.us-west-2.prod1.prod.oneplatform.build||,TRUE,eureka-router||,cortellis-landing-app-us
cortellislandingcomponent.cortellis.prodeu.{CLOUD_ENVIRONMENT},clarivate.com,/,/intelligence/landing||,api.eu-west-1.prod1.prod.oneplatform.build||,TRUE,eureka-router||,cortellis-landing-component-eu
null,prod-subst-master-common.prod.singularity.clarivate.com,/,"/sing/prod-subst-master||""/sing/prod/prod-subst-master""||",null,TRUE,jwt||cors||,singularity-prod-subst-master-prod-api
wosnxcore.wos.{CLOUD_DEV_PHASE}.{CLOUD_ENVIRONMENT},clarivate.com,/core,/api/wosnx/core||,null,TRUE,eureka-router||eureka-router||,wos-nx-core