wos-author-recommend-curation,clarivate.com,/,"/api/curation/author/.*",null,false,eureka-router||url-replace,wosauthorrecommend.{CLOUD_STACK}.{CLOUD_DEV_PHASE}.{CLOUD_ENVIRONMENT}
wat-frontend,clarivate.com,/,"/author",null,true,eureka-router,watfrontend.{CLOUD_STACK}.{CLOUD_DEV_PHASE}.{CLOUD_ENVIRONMENT}
kafka,localhost,/kafka,"/internal/kafka",null,true,null,null
static-upstream-test,clarivate.com,/request/extra/,"/static-upstream-test",null,true,acl||eureka-router||key-auth,mockbin
rics,rics-api-int.dev-stable.cc.clarivate.com,/,"/api","rics-api.dev-stable.cc.clarivate.com",false,cors||jwt,null
dra-td-exploration,clarivate.com,/,"/api/dra-td/exploration",null,false,auth-extensions||eureka-router||jwt||url-replace,dratdexploration.dra.{CLOUD_DEV_PHASE}.{CLOUD_ENVIRONMENT}
metabase-lite,clarivate.com,/,"/api/metabase-lite/v1",null,true,acl||eureka-router||oauth2,caastaxonomy.caas.{CLOUD_DEV_PHASE}.{CLOUD_ENVIRONMENT}
platform-admin-ui,clarivate.com,/,"/psa",null,true,eureka-router,1padminui.{CLOUD_STACK}.{CLOUD_DEV_PHASE}.{CLOUD_ENVIRONMENT}
singularity-deals-master-uat-api,deals-master-common.uat.singularity.clarivate.com,/,"/sing/uat/deals"||"/sing/uat/deals-master-common",null,true,cors||jwt,null
platform_profile_client,clarivate.com,/,"/api/profile/field/summary"||"/api/profile/user",null,false,eureka-router||jwt||url-replace,1pprofiles.{CLOUD_STACK}.{CLOUD_DEV_PHASE}.{CLOUD_ENVIRONMENT}
singularity-chemcur-common-euwest-uat-api,chemcur-common-euwest1.uat.singularity.clarivate.com,/,"/sing/uat/chemcur-euwest1",null,true,cors||jwt,null
singularity-deals-master-api,deals-master-common.int.singularity.clarivate.com,/,"/v1/deals",null,false,jwt,null
singularity-pharma-master-service-dev-api,pharma-master-service.dev.singularity.clarivate.com,/,"/sing/dev/pharma-master-service",null,true,cors||jwt,null
onep-container,clarivate.com,/,"/api/container/v2",null,true,eureka-router||jwt,1pcontainer.1p.{CLOUD_DEV_PHASE}.{CLOUD_ENVIRONMENT}
singularity-prod-subst-master-uat-api,prod-subst-master-common.uat.singularity.clarivate.com,/,"/sing/uat/prod-subst-master",null,true,cors||jwt,null
singularity-pub-comments-int-api,comments.dev-stable.cc.clarivate.com,/,"/sing/int/pub-comments"||"/sing/uat/pub-comments",null,true,cors||jwt,null
singularity-chem-master-dev-api,chemcur-common.dev.singularity.clarivate.com,/,"/sing/dev/chem-master",null,true,cors||jwt,null
singularity-sourcemaster-int-api,source-master-common.int.singularity.clarivate.com,/,"/sing/int/source-master",null,true,jwt,null
singularity-prod-drug-master-dev-api,prod-drug-master-common.dev.singularity.clarivate.com,/,"/sing/dev/prod-drug-master",null,true,cors||jwt,null
dra-marketing-gui,clarivate.com,/,"/marketing/dratd"||"/ui/dratd/marketing",null,false,eureka-router||request-transformer,dratdmarketingui.dra.{CLOUD_DEV_PHASE}.{CLOUD_ENVIRONMENT}
wos-jcr-jif-frontend-api,clarivate.com,/,"/jif",null,false,eureka-router,wosjcrjiffrontend.wos.{CLOUD_DEV_PHASE}.{CLOUD_ENVIRONMENT}
citation-resolution-service,clarivate.com,/,"/api/crs",null,true,acl||correlation-id||cors||eureka-router||key-auth,citationresolutionservice.{CLOUD_STACK}.{CLOUD_DEV_PHASE}.{CLOUD_ENVIRONMENT}
rics-ui,rics-ui.dev-stable.cc.clarivate.com,/,"/","rics.dev-stable.cc.clarivate.com",false,cors,null
incites-jcr-be-journalprofile-api,clarivate.com,/,"/api/jcr3/journalprofile/.*",null,false,cors||eureka-router||session-validation,incitesjcr3bejournalprofile.wos.{CLOUD_DEV_PHASE}.{CLOUD_ENVIRONMENT}
steam-email-api,clarivate.com,/email/steam/,"/api/email/steam",null,true,acl||eureka-router||key-auth,1pauth.{CLOUD_STACK}.{CLOUD_DEV_PHASE}.{CLOUD_ENVIRONMENT}
platform-media-api,clarivate.com,/media/,"/api/media",null,true,cors||eureka-router,1pmedia.{CLOUD_STACK}.{CLOUD_DEV_PHASE}.{CLOUD_ENVIRONMENT}
dra-td-entity,clarivate.com,/,"/api/dra-td/healthcheck"||"/api/dra/analytics/aggregations"||"/api/dra/analytics/entity/decorator"||"/api/dra/analytics/graphic"||"/api/dra/analytics/related/entities",null,false,auth-extensions||eureka-router||jwt||url-replace,dratdentity.dra.{CLOUD_DEV_PHASE}.{CLOUD_ENVIRONMENT}
wosld-client-api,clarivate.com,/,"/api/wosdashboard",null,false,eureka-router||jwt||url-replace,wosldservice.wos.{CLOUD_DEV_PHASE}.{CLOUD_ENVIRONMENT}
profile-v-two-auth-api,clarivate.com,/,"/api/v2users",null,false,cors||eureka-router||jwt||url-replace,1pprofile.{CLOUD_STACK}.{CLOUD_DEV_PHASE}.{CLOUD_ENVIRONMENT}
wos-recommendation-service,clarivate.com,/,"/api/wosnx/recommend",null,true,acl||correlation-id||cors||eureka-router||key-auth,wosrecommendationservice.{CLOUD_STACK}.{CLOUD_DEV_PHASE}.{CLOUD_ENVIRONMENT}
bridgeclient-api,clarivate.com,/,"/api/bridge",null,false,eureka-router||jwt||url-replace,1pappbridge.{CLOUD_STACK}.{CLOUD_DEV_PHASE}.{CLOUD_ENVIRONMENT}
cortellis-landing-component,clarivate.com,/,"/intelligence/landing",null,true,eureka-router||jwt,cortellislandingcomponent.cortellis.{CLOUD_DEV_PHASE}.{CLOUD_ENVIRONMENT}
ca-profiles,clarivate.com,/collect/profile,"/internal/ca-profiles",null,true,cors||eureka-router,1pcommonanalytics.{CLOUD_STACK}.{CLOUD_DEV_PHASE}.{CLOUD_ENVIRONMENT}
sep-5g-service,clarivate.com,/,"/api/sep5g",null,true,acl||correlation-id||cors||eureka-router||key-auth,sep5gservice.{CLOUD_STACK}.{CLOUD_DEV_PHASE}.{CLOUD_ENVIRONMENT}
singularity-pub-books-uat-api,pub-books-common.uat.singularity.clarivate.com,/,"/sing/uat/books",null,true,cors||jwt,null
singularity-pdf-xml-common-uat-api,pdf2xml-common.uat.singularity.clarivate.com,/,"/sing/uat/pdf2xml",null,true,cors||jwt,null
singularity-patent-master-apsoutheast-uat-api,patent-master-common-apsoutheast1.uat.singularity.clarivate.com,/,"/sing/uat/patent-master-apsoutheast1",null,true,cors||jwt,null
singularity-task-mgmt-wf-dev-api,task-mgmt-workflow-model-provider.dev.singularity.clarivate.com,/,"/sing/dev/sing-task-mgmt-wf",null,true,jwt,null
singularity-platform-int-api,sing-platform-common.int.singularity.clarivate.com,/,"/sing/int/sing-platform-common",null,true,jwt,null
singularity-pdftoxml-scholarlyitem-master-dev,pdf2xml-common.dev.singularity.clarivate.com,/,"/sing/dev/pdf2xml/scholarlyitemmaster-api",null,true,jwt,null
singularity-pharma-master-resolution-service-uat-api,pharma-master-resolution-service.uat.singularity.clarivate.com,/,"/sing/uat/pharma-master-resolution-service",null,true,cors||jwt,null
swagger-ui-portal,developer.dev-stable.clarivate.com,/swagger-ui,"/swagger-ui",null,true,correlation-id,null
mockbin-auth-extensions,mockbin.org,/request,"/mockbin-auth-extensions",null,true,auth-extensions||jwt,null
account-service-api,clarivate.com,/,"/internal/api/account"||"/internal/api/merge"||"/internal/api/oauth"||"/internal/api/users/sprefs",null,false,eureka-router||url-replace,1pauth.{CLOUD_STACK}.{CLOUD_DEV_PHASE}.{CLOUD_ENVIRONMENT}
documentlevelmetrics,127.0.0.1,/,"/DocumentLevelMetricsByUT",null,true,acl||aws-lambda||custom-key-headers||key-auth||rate-limiting,null
singularity-chub-common-dev-api,chub-common.dev.singularity.clarivate.com,/,"/sing/dev/chub-common",null,true,cors||jwt,null
singularity-pharma-master-fdm-service-int-api,pharma-master-fdm-service.int.singularity.clarivate.com,/,"/sing/int/pharma-master-fdm-service",null,true,cors||jwt,null
platform-app-broker-base-api,clarivate.com,/,"/.*","projectne.thomsonreuters.com",false,eureka-router,1pappbroker.{CLOUD_STACK}.{CLOUD_DEV_PHASE}.{CLOUD_ENVIRONMENT}
singularity-app-stream-uat-api,appstream.uat.singularity.clarivate.com,/,"/sing/uat/app-stream",null,true,cors||jwt,null
igr-entity-api,clarivate.com,/,"/apiv2/igr/entity",null,false,eureka-router||jwt||url-replace,igrentity.{CLOUD_STACK}.{CLOUD_DEV_PHASE}.{CLOUD_ENVIRONMENT}
singularity-pharma-master-service-uat-api,pharma-master-service.uat.singularity.clarivate.com,/,"/sing/uat/pharma-master-service",null,true,cors||jwt,null
wosld-frontend-api,clarivate.com,/,"/wosdashboard",null,true,eureka-router,wosldui.wos.{CLOUD_DEV_PHASE}.{CLOUD_ENVIRONMENT}
singularity-prod-drug-master-int-api,prod-drug-master-common.int.singularity.clarivate.com,/,"/sing/int/prod-drug-master",null,true,cors||jwt,null
task-distribution-api,task-mgmt-common.int.singularity.clarivate.com,/,"/task-distribution/v1",null,false,jwt,null
cmc-gui,clarivate.com,/,"/cmc",null,true,eureka-router,cmcgui.{CLOUD_STACK}.{CLOUD_DEV_PHASE}.{CLOUD_ENVIRONMENT}
singularity-comm-master-common-service-int-api,comm-master-common.int.singularity.clarivate.com,/,"/sing/int/commercial-items",null,true,cors||jwt,null
compumark-documents,127.0.0.1,/,"/compumark-documents/api",null,false,acl||aws-lambda||cors||custom-key-headers||key-auth||response-transformer,null
singularity-comm-master-common-uat-api,comm-master-common.uat.singularity.clarivate.com,/,"/sing/uat/commercial-items",null,true,cors||jwt,null
central-submission-api,clarivate.com,/,"/api/censub/public",null,false,eureka-router||url-replace,centralsubmission.scholarone.{CLOUD_DEV_PHASE}.{CLOUD_ENVIRONMENT}
wos-nx-publication-typeahead,ac-uw2.qa1.dev-wos.com,/AC/autoComplete.do,"/api/wosnx/typeahead/publications",null,true,null,null
wosrl-publons-proxy,wosrl-stable.publons.com,/,"/wosrl/api/lookup"||"/wosrl/api/search",null,true,url-replace,null
sp-master-service,clarivate.com,/,"/api/spmaster",null,false,eureka-router||url-replace,spmasterservices.{CLOUD_STACK}.{CLOUD_DEV_PHASE}.{CLOUD_ENVIRONMENT}
tisearchdsl,clarivate.com,/,"/internal/tisearchdsl/v1",null,true,cors||eureka-router,tisearchdsl.{CLOUD_STACK}.{CLOUD_DEV_PHASE}.{CLOUD_ENVIRONMENT}
singularity-ontology-master-common-dev-api,ontology-master-common.dev.singularity.clarivate.com,/,"/sing/dev/ontology-master-common",null,true,cors||jwt,null
cmc-dynamo-lambda,127.0.0.1,/,"/internal/api/cmc/dynamo/.*",null,false,aws-lambda||url-replace,null
incites-jcr-fe-browse-by-journals,clarivate.com,/,"/jcr",null,false,eureka-router,incitesjcr3frontend.wos.{CLOUD_DEV_PHASE}.{CLOUD_ENVIRONMENT}
platform-groups-invites-api,clarivate.com,/,"/api/invites",null,false,eureka-router||url-replace,1pgroups.{CLOUD_STACK}.{CLOUD_DEV_PHASE}.{CLOUD_ENVIRONMENT}
singularity-lsclintrials-microservice-service-int-api,lsclintrials-common.int.singularity.clarivate.com,/,"/sing/int/lsclintrials-microservice",null,true,cors||jwt,null
cddi-filters-api,clarivate.com,/,"/apiv2/cddi/filters",null,false,eureka-router||jwt||url-replace,cddifilters.{CLOUD_STACK}.{CLOUD_DEV_PHASE}.{CLOUD_ENVIRONMENT}
singularity-deals-master-dev-api,deals-master-common.dev.singularity.clarivate.com,/,"/sing/dev/deals"||"/sing/dev/deals-master-common",null,true,cors||jwt,null
platform-app-broker-api,clarivate.com,/,"/cmty","dev-stable.1p.thomsonreuters.com"||"projectne.thomsonreuters.com",true,eureka-router,1pappbroker.{CLOUD_STACK}.{CLOUD_DEV_PHASE}.{CLOUD_ENVIRONMENT}
default-auth,auth-wicked.stable.dev.oneplatform.build,/,"/auth",null,false,correlation-id,null
singularity-stats-powerbi-postgres-int,stats-powerbi-postgres-lambda.int.singularity.clarivate.com,/,"/sing/int/stats-powerbi-postgres",null,true,jwt,null
mockbin,mockbin.org,/,"/request",null,false,acl||custom-key-headers||key-auth||rate-limiting,null
singularity-user-profiles-dev-api,user-profiles-common.dev.singularity.clarivate.com,/,"/sing/dev/cc-user-profiles",null,true,jwt,null
singularity-chemcur-common-service-int-api,chemcur-common.int.singularity.clarivate.com,/,"/sing/int/chemcur-common",null,true,cors||jwt,null
singularity-mada-dev-api,mada-qa.decisionresourcesgroup.com,/,"/sing/dev/mada",null,true,cors||jwt,null
singularity-pharma-master-fdm-service-dev-api,pharma-master-fdm-service.dev.singularity.clarivate.com,/,"/sing/dev/pharma-master-fdm-service",null,true,cors||jwt,null
wos-author-recommend-rrc,clarivate.com,/,"/api/wosnx/rrc/author/.*",null,false,eureka-router||url-replace||wos-session-auth,wosauthorrecommend.{CLOUD_STACK}.{CLOUD_DEV_PHASE}.{CLOUD_ENVIRONMENT}
models,clarivate.com,/,"/api/models",null,true,acl||eureka-router||key-auth,1pmodels.{CLOUD_STACK}.{CLOUD_DEV_PHASE}.{CLOUD_ENVIRONMENT}
singularity-pdf-xml-common-dev-api,pdf2xml-common.uat.singularity.clarivate.com,/,"/sing/dev/pdf2xml",null,true,cors||jwt,null
dra-type-ahead,clarivate.com,/,"/api/dra/suggest",null,false,auth-extensions||eureka-router||jwt||url-replace,dratypeahead.dra.{CLOUD_DEV_PHASE}.{CLOUD_ENVIRONMENT}
singularity-notif-int-api,notifications-common.int.singularity.clarivate.com,/,"/sing/int/sing-notif",null,true,null,null
singularity-search-int-api,sing-search-common.int.singularity.clarivate.com,/,"/sing/int/search-common",null,true,jwt,null
igr-type-ahead-api,clarivate.com,/,"/apiv2/igr/suggest",null,false,eureka-router||jwt||url-replace,igrtypeahead.{CLOUD_STACK}.{CLOUD_DEV_PHASE}.{CLOUD_ENVIRONMENT}
singularity-journaleval-dev-api,journalevaluation-snapshot.dev.cc.oneplatform.build,/,"/sing/dev/journaleval",null,true,cors||jwt,null
profile-v-two-api,clarivate.com,/,"/api/v2users/.*/media/image"||"/api/v2users/user/[a-fA-F0-9-]+$",null,false,cors||eureka-router||url-replace,1pprofile.{CLOUD_STACK}.{CLOUD_DEV_PHASE}.{CLOUD_ENVIRONMENT}
matcher-internal-api,clarivate.com,/,"/internal/api/matcher",null,false,acl||eureka-router||key-auth||url-replace,1pmanumatcher.{CLOUD_STACK}.{CLOUD_DEV_PHASE}.{CLOUD_ENVIRONMENT}
experiment,clarivate.com,/experiment/,"/api/experiment",null,true,acl||custom-key-headers||eureka-router||key-auth,1pexp.{CLOUD_STACK}.{CLOUD_DEV_PHASE}.{CLOUD_ENVIRONMENT}
cddi-gui-api-2,clarivate.com,/,"/cddi/drugdiscovery",null,true,eureka-router,igrgui.cddi.{CLOUD_DEV_PHASE}.{CLOUD_ENVIRONMENT}
singularity-stats-powerbi-postgres-uat,stats-powerbi-postgres-lambda.uat.singularity.clarivate.com,/,"/sing/uat/stats-powerbi-postgres",null,true,jwt,null
converisreadapi,your.new.api,/,"/converisreadapi",null,true,null,null
singularity-patent-master-int-api,patent-master-common.int.singularity.clarivate.com,/,"/sing/int/patent-master",null,true,jwt,null
cc-authorship-service,clarivate.com,/,"/api/authorship",null,false,eureka-router||jwt||url-replace,ccauthorshipresolution.{CLOUD_STACK}.{CLOUD_DEV_PHASE}.{CLOUD_ENVIRONMENT}
mra-public-api,clarivate.com,/,"/api/mra/public/.*",null,false,eureka-router||url-replace,mraservice.scholarone.{CLOUD_DEV_PHASE}.{CLOUD_ENVIRONMENT}
journal-profile-internal-api,clarivate.com,/,"/internal/api/jprof/public",null,false,eureka-router||url-replace,journalprofile.scholarone.{CLOUD_DEV_PHASE}.{CLOUD_ENVIRONMENT}
cddi-storage-2,clarivate.com,/,"/api/cddi/storage",null,true,eureka-router||jwt,cddistorage.cddi.{CLOUD_DEV_PHASE}.{CLOUD_ENVIRONMENT}
alert-manager,clarivate.com,/,"/internal/alertmanager",null,true,correlation-id||eureka-router,1palertmanager.{CLOUD_STACK}.{CLOUD_DEV_PHASE}.{CLOUD_ENVIRONMENT}
incites-jcr-be-bwjournal,clarivate.com,/,"/api/jcr3/bwjournal/.*",null,false,cors||eureka-router||session-validation,incitesjcr3bebwjournal.wos.{CLOUD_DEV_PHASE}.{CLOUD_ENVIRONMENT}
rics-roles,roles-api-int.dev-stable.cc.clarivate.com,/,"/api","roles-api.dev-stable.cc.clarivate.com",false,cors||jwt,null
matcher,clarivate.com,/matcher/,"/api/matcher",null,true,acl||eureka-router||key-auth,1pmanumatcher.{CLOUD_STACK}.{CLOUD_DEV_PHASE}.{CLOUD_ENVIRONMENT}
cortellis-external-api,clarivate.com,/,"/cortellisexternal",null,false,eureka-router,cortellisexternalapi.cortellis.{CLOUD_DEV_PHASE}.{CLOUD_ENVIRONMENT}
ping-portal,developer.dev-stable.clarivate.com,/ping,"/ping-portal",null,true,correlation-id||rate-limiting,null
singularity-sourcemaster-dev-api,source-master-common.dev.singularity.clarivate.com,/,"/sing/dev/source-master",null,true,jwt,null
singularity-lsclintrials-microservice-uat-api,lsclintrials-common.uat.singularity.clarivate.com,/,"/sing/uat/lsclintrials-microservice",null,true,cors||jwt,null
singularity-org-master-common-int-api,org-master-common.int.singularity.clarivate.com,/,"/sing/int/org-master-common",null,true,jwt,null
rics-triage-ui,triage-ui-int.dev-stable.cc.clarivate.com,/,"/","triage-ui.dev-stable.cc.clarivate.com",false,cors,null
cddi-storage,clarivate.com,/,"/apiv2/cddi/storage",null,true,eureka-router||jwt,cddistorage.{CLOUD_STACK}.{CLOUD_DEV_PHASE}.{CLOUD_ENVIRONMENT}
cortellis-report-app,clarivate.com,/,"/cortellis/report/.*",null,false,eureka-router||url-replace,cortellisreportapp.cortellis.{CLOUD_DEV_PHASE}.{CLOUD_ENVIRONMENT}
cmc-formatting-lambda,127.0.0.1,/,"/internal/api/cmc/formatting",null,false,aws-lambda||url-replace,null
eureka-test,httpbin.org,/demo/all/,"/eureka-test",null,true,acl||eureka-router||key-auth,1pexampleservice.{CLOUD_STACK}.{CLOUD_DEV_PHASE}.{CLOUD_ENVIRONMENT}
singularity-publication-dev-api,publication-snapshot.dev.cc.oneplatform.build,/,"/sing/dev/publication",null,true,cors||jwt,null
reviewer-connect,publons.com,/partner,"/reviewer-connect/api",null,false,acl||custom-key-headers||key-auth||rate-limiting||request-transformer,null
wosrl,wosrl-stable.publons.com,/,"/wosrl",null,true,eureka-router,wosrl.{CLOUD_STACK}.{CLOUD_DEV_PHASE}.{CLOUD_ENVIRONMENT}
rics-roles-ui,roles-ui-int.dev-stable.cc.clarivate.com,/,"/","roles.dev-stable.cc.clarivate.com",false,cors,null
rics-ontology,ri-ontology-int.dev-stable.cc.clarivate.com,/,"/","ri-ontology.dev-stable.cc.clarivate.com",false,cors||jwt,null
singularity-task-mgmt-wf-uat-api,task-mgmt-workflow-model-provider.uat.singularity.clarivate.com,/,"/sing/uat/sing-task-mgmt-wf",null,true,jwt,null
cortellis-drug-api,clarivate.com,/,"/cortellisdrugdbretrieveapi",null,false,eureka-router,cortellisdrugdbretrieveapi.cortellis.{CLOUD_DEV_PHASE}.{CLOUD_ENVIRONMENT}
wos-nx-core-ws,clarivate.com,/,"/api/wosnxcorews",null,true,eureka-router,wosnxcore.wos.{CLOUD_DEV_PHASE}.{CLOUD_ENVIRONMENT}
singularity-app-stream-dev-api,appstream.dev.singularity.clarivate.com,/,"/sing/dev/app-stream",null,true,cors||jwt,null
singularity-perseus-crud-uat-api,perseus-crud-acpt.eks.apps.acc.compumark.com,/,"/sing/uat/perseus/crud",null,true,cors||jwt,null
ipd,clarivate.com,/,"/api/ipd/v1",null,true,acl||eureka-router||oauth2,caasipd.caas.{CLOUD_DEV_PHASE}.{CLOUD_ENVIRONMENT}
lambdatest,127.0.0.1,/,"/lambdatest",null,false,acl||aws-lambda||custom-key-headers||key-auth||rate-limiting,null
platform-microui-login-account-api,clarivate.com,/,"/account",null,false,eureka-router,1pmicrouiloginngx.{CLOUD_STACK}.{CLOUD_DEV_PHASE}.{CLOUD_ENVIRONMENT}
cddi-filters-api-2,clarivate.com,/,"/api/cddi/filters",null,false,eureka-router||jwt||url-replace,cddifilters.cddi.{CLOUD_DEV_PHASE}.{CLOUD_ENVIRONMENT}
cgi-export,clarivate.com,/,"/api/generics/export",null,false,eureka-router||jwt||url-replace,npexport.newport.{CLOUD_DEV_PHASE}.{CLOUD_ENVIRONMENT}
singularity-ref-master-common-service-int-api,ref-master-common.int.singularity.clarivate.com,/,"/sing/int/ref-master-common",null,true,cors||jwt,null
fcr-extract,clarivate.com,/fcr/extract,"/api/fcr/extract",null,true,acl||eureka-router||key-auth,fcrextraction.{CLOUD_STACK}.{CLOUD_DEV_PHASE}.{CLOUD_ENVIRONMENT}
auth-test,httpbin.org,/demo/all/,"/auth-test",null,false,acl||eureka-router||key-auth,1pexampleservice.{CLOUD_STACK}.{CLOUD_DEV_PHASE}.{CLOUD_ENVIRONMENT}
singularity-patent-master-apsoutheast-dev-api,patent-master-common-apsoutheast1.dev.singularity.clarivate.com,/,"/sing/dev/patent-master-apsoutheast1",null,true,cors||jwt,null
singularity-user-profiles-api,user-profiles-common.int.singularity.clarivate.com,/,"/sing/int/cc-user-profiles",null,true,jwt,null
singularity-classification,clarivate.com,/api/commercial-item,"/api/commercial-item",null,true,acl||eureka-router||key-auth,singularityclassification.{CLOUD_STACK}.{CLOUD_DEV_PHASE}.{CLOUD_ENVIRONMENT}
cortellis-deals-landing-component,clarivate.com,/,"/cortellis/landing/deals",null,true,eureka-router,cortellisdealslandingcomponent.cortellis.{CLOUD_DEV_PHASE}.{CLOUD_ENVIRONMENT}
cortellis-export-app,clarivate.com,/,"/cortellis/export/.*",null,false,eureka-router||url-replace,cortellisexportapp.cortellis.{CLOUD_DEV_PHASE}.{CLOUD_ENVIRONMENT}
singularity-task-management-dev-api,task-mgmt-common.dev.singularity.clarivate.com,/,"/sing/dev/sing-task-mgmt",null,true,jwt,null
wosld-frontend,clarivate.com,/,"/dashboard",null,true,eureka-router,wosldui.wos.{CLOUD_DEV_PHASE}.{CLOUD_ENVIRONMENT}
linksent-frontend-api,clarivate.com,/,"/linksent",null,true,eureka-router||ip-restriction,1plinksentitlementsui.{CLOUD_STACK}.{CLOUD_DEV_PHASE}.{CLOUD_ENVIRONMENT}
cmc-alert-lambda,127.0.0.1,/,"/internal/api/cmc/alerts",null,false,aws-lambda||url-replace,null
singularity-chub-common-uat-api,chub-common.uat.singularity.clarivate.com,/,"/sing/uat/chub-common",null,true,cors||jwt,null
cddi-gui-api,clarivate.com,/,"/drugdiscovery",null,true,eureka-router,igrgui.{CLOUD_STACK}.{CLOUD_DEV_PHASE}.{CLOUD_ENVIRONMENT}
cortellis-alert-app,clarivate.com,/,"/cortellis/alert/.*",null,false,eureka-router||url-replace,cortellisalertapp.cortellis.{CLOUD_DEV_PHASE}.{CLOUD_ENVIRONMENT}
alert-manager-unsubscribe,clarivate.com,/,"/alert-manager-unsubscribe/alerts(/unsubscribe|/content)",null,false,eureka-router||url-replace,1palertmanager.{CLOUD_STACK}.{CLOUD_DEV_PHASE}.{CLOUD_ENVIRONMENT}
singularity-org-master-common-dev-api,org-master-common.dev.singularity.clarivate.com,/,"/sing/dev/org-master-common",null,true,jwt,null
wos-journal,clarivate.com,/,"/apis/wos-journals/v1",null,true,acl||eureka-router||key-auth,wosjournals.wos.{CLOUD_DEV_PHASE}.{CLOUD_ENVIRONMENT}
platform-cache-service-api,clarivate.com,/,"/api/cache/igr",null,true,eureka-router,1pcache.{CLOUD_STACK}.{CLOUD_DEV_PHASE}.{CLOUD_ENVIRONMENT}
cortellis-frontend,clarivate.com,/,"/intelligence/suite",null,true,eureka-router,cortellisfrontend.cortellis.{CLOUD_DEV_PHASE}.{CLOUD_ENVIRONMENT}
incites-jcr-fe-journal-profile-page,clarivate.com,/,"/jcr-jp",null,false,eureka-router,incitesjcr3fejournalprofilepage.wos.{CLOUD_DEV_PHASE}.{CLOUD_ENVIRONMENT}
singularity-patent-master-dev-api,patent-master-common.dev.singularity.clarivate.com,/,"/sing/dev/patent-master",null,true,jwt,null
singularity-chub-common-int-api,chub-common.int.singularity.clarivate.com,/,"/sing/int/chub-common",null,true,cors||jwt,null
cgi-frontend,clarivate.com,/,"/generics",null,false,eureka-router||request-transformer,npcfgui.newport.{CLOUD_DEV_PHASE}.{CLOUD_ENVIRONMENT}
singularity-user-profiles-uat-api,user-profiles-common.uat.singularity.clarivate.com,/,"/sing/uat/cc-user-profiles",null,true,jwt,null
igr-overview-api-2,clarivate.com,/,"/api/igr/filter"||"/api/igr/overview"||"/api/igr/overview/config"||"/api/igr/overview/ping"||"/api/igr/search",null,false,eureka-router||jwt||url-replace,igroverview.cddi.{CLOUD_DEV_PHASE}.{CLOUD_ENVIRONMENT}
singularity-chemcur-common-uat-api,chemcur-common.uat.singularity.clarivate.com,/,"/sing/uat/chemcur-common",null,true,cors||jwt,null
woslite,clarivate.com,/woslite/,"/api/woslite",null,true,acl||custom-key-headers||eureka-router||key-auth||rate-limiting,wosrestadapter.wos.{CLOUD_DEV_PHASE}.{CLOUD_ENVIRONMENT}
wos-nx-category-typeahead,clarivate.com,/,"/api/wosnx/suggestcgr",null,true,eureka-router,wosnxcategorytypeahead.{CLOUD_STACK}.{CLOUD_DEV_PHASE}.{CLOUD_ENVIRONMENT}
singularity-stats-powerbi-uat,stats-powerbi-lambda.uat.singularity.clarivate.com,/,"/sing/uat/stats-powerbi",null,true,jwt,null
singularity-journaleval-int-api,journalevaluation-stable.dev.cc.oneplatform.build,/,"/sing/int/journaleval"||"/sing/uat/journaleval",null,true,cors||jwt,null
portal-api,portal-wicked.stable.dev.oneplatform.build,/,"/wicked/v1",null,true,acl||correlation-id||oauth2,null
frontend-api,clarivate.com,/,"/internal",null,false,eureka-router||url-replace,1pfrontend.{CLOUD_STACK}.{CLOUD_DEV_PHASE}.{CLOUD_ENVIRONMENT}
cgi-type-ahead,clarivate.com,/,"/api/generics/suggest",null,false,eureka-router||jwt||url-replace,nptypeahead.newport.{CLOUD_DEV_PHASE}.{CLOUD_ENVIRONMENT}
keyword-similarity-service,clarivate.com,/,"/api/kss",null,true,acl||correlation-id||cors||eureka-router||key-auth,keywordsimilarityservice.{CLOUD_STACK}.{CLOUD_DEV_PHASE}.{CLOUD_ENVIRONMENT}
cmc-change-history,clarivate.com,/,"/api/cmcchangehistory",null,false,eureka-router,cmcchangehistory.{CLOUD_STACK}.{CLOUD_DEV_PHASE}.{CLOUD_ENVIRONMENT}
incites,clarivate.com,/incites/,"/api/incites",null,true,acl||cors||custom-key-headers||eureka-router||key-auth||rate-limiting||request-transformer,incitesrestadapter.wos.{CLOUD_DEV_PHASE}.{CLOUD_ENVIRONMENT}
singularity-chemcur-common-dev-api,chemcur-common.dev.singularity.clarivate.com,/,"/sing/dev/chemcur-common",null,true,cors||jwt,null
singularity-chem-master-euwest-uat-api,chemcur-common-euwest1.uat.singularity.clarivate.com,/,"/sing/uat/chem-master-euwest1",null,true,cors||jwt,null
pubmatch,clarivate.com,/,"/api/pubmatch",null,true,acl||eureka-router||key-auth,matchingservice.{CLOUD_STACK}.{CLOUD_DEV_PHASE}.{CLOUD_ENVIRONMENT}
sushi-api,clarivate.com,/counter/r5,"/api/counter/r5",null,true,acl||custom-key-headers||eureka-router||key-auth||request-transformer,woswurssushiservicecounterr5.wos.{CLOUD_DEV_PHASE}.{CLOUD_ENVIRONMENT}
wos-nx-publisher-typeahead,clarivate.com,/,"/api/wosnx/suggestpub",null,true,eureka-router,wosnxpublishertypeahead.{CLOUD_STACK}.{CLOUD_DEV_PHASE}.{CLOUD_ENVIRONMENT}
dra-td-score,clarivate.com,/,"/api/dra-td/score",null,false,auth-extensions||eureka-router||jwt||url-replace,dratdscore.dra.{CLOUD_DEV_PHASE}.{CLOUD_ENVIRONMENT}
singularity-chem-master-euwest-int-api,chemcur-common-euwest1.int.singularity.clarivate.com,/,"/sing/int/chem-master-euwest1",null,true,cors||jwt,null
singularity-chem-master-int-api,chemcur-common.int.singularity.clarivate.com,/,"/sing/int/chem-master",null,true,cors||jwt,null
patent-predictive,clarivate.com,/,"/api/patent-predictive",null,true,acl||cors||eureka-router||key-auth,patent-predictive.{CLOUD_STACK}.{CLOUD_DEV_PHASE}.{CLOUD_ENVIRONMENT}
igr-alerts-api-2,clarivate.com,/,"/api/igr/alerts",null,true,eureka-router||jwt,igralerts.cddi.{CLOUD_DEV_PHASE}.{CLOUD_ENVIRONMENT}
iip-edge-api,clarivate.com,/,"/api/iip/.*",null,false,eureka-router||session-validation||url-replace,iipedge.wos.{CLOUD_DEV_PHASE}.{CLOUD_ENVIRONMENT}
singularity-platform-dev-api,sing-platform-common.dev.singularity.clarivate.com,/,"/sing/dev/sing-platform-common",null,true,jwt,null
singularity-chem-master-uat-api,chemcur-common.uat.singularity.clarivate.com,/,"/sing/uat/chem-master",null,true,cors||jwt,null
rics-triage,triage-api-int.dev-stable.cc.clarivate.com,/,"/api","triage-api.dev-stable.cc.clarivate.com",false,cors||jwt,null
recommend-publications,clarivate.com,/author/recommend,"/api/author/recommend",null,true,acl||eureka-router||key-auth,wosauthorrecommend.{CLOUD_STACK}.{CLOUD_DEV_PHASE}.{CLOUD_ENVIRONMENT}
cortellis-search-api,clarivate.com,/,"/api/cortellis/search/.*"||"/api/fetchLandingPageConfig"||"/api/headerConfig"||"/api/landing"||"/api/landingPageChart"||"/api/landingPageSearchFilters"||"/api/searchdata"||"/api/testget/.*",null,false,eureka-router||jwt||url-replace,cortellissearchapi.cortellis.{CLOUD_DEV_PHASE}.{CLOUD_ENVIRONMENT}
cortellis-retrieve-api,clarivate.com,/,"/api/browseRetrieveData"||"/api/cortellis/retrieve"||"/api/retrievegrcdata"||"/api/retrieveirdata"||"/api/retrieversdata"||"/api/retrievetestget/.*",null,false,eureka-router||jwt||url-replace,cortellisretrieveapi.cortellis.{CLOUD_DEV_PHASE}.{CLOUD_ENVIRONMENT}
iplab-api,clarivate.com,/,"/iplab",null,true,eureka-router,iplab.{CLOUD_STACK}.{CLOUD_DEV_PHASE}.{CLOUD_ENVIRONMENT}
caas-metabase-api,clarivate.com,/,"/api/metabase/v1",null,true,acl||eureka-router||oauth2||rate-limiting,caastaxonomy.caas.{CLOUD_DEV_PHASE}.{CLOUD_ENVIRONMENT}
wos-nx-author-typeahead,clarivate.com,/,"/api/wosnx/suggestauthor",null,true,eureka-router,wosnxauthortypeahead.{CLOUD_STACK}.{CLOUD_DEV_PHASE}.{CLOUD_ENVIRONMENT}
reviewer-connect-profiles,publons.com,/partner,"/reviewer-connect/api/profile",null,false,acl||custom-key-headers||key-auth||rate-limiting||request-transformer,null
wosld-service,clarivate.com,/dashboard,"/api/dashboard",null,true,eureka-router,wosldservice.wos.{CLOUD_DEV_PHASE}.{CLOUD_ENVIRONMENT}
cddi-config-api,clarivate.com,/,"/apiv2/cddi/config",null,false,eureka-router||jwt||url-replace,cddiconfig.{CLOUD_STACK}.{CLOUD_DEV_PHASE}.{CLOUD_ENVIRONMENT}
cddi-entity,clarivate.com,/,"/apiv2/cddi/entity",null,false,eureka-router||jwt||url-replace,cddientity.{CLOUD_STACK}.{CLOUD_DEV_PHASE}.{CLOUD_ENVIRONMENT}
wos-author-xform-for-researcher,clarivate.com,/,"/api/researcher",null,false,eureka-router||jwt||url-replace,wosauthorxform.{CLOUD_STACK}.{CLOUD_DEV_PHASE}.{CLOUD_ENVIRONMENT}
compumark-content,cmapi-acpt.eks.apps.acc.compumark.com,/,"/compumark-content/api/v1(?!/user-config|/cache|/actuator)",null,true,acl||cors||custom-key-headers||key-auth||rate-limiting,null
singularity-product-master-substance-api,prod-subst-master-common.int.singularity.clarivate.com,/,"/substance_master",null,false,jwt,null
endnote,enwservices-qa.isinet.com,/enwservices/api/v1/rest,"/api/endnote/v1",null,true,acl||cors||custom-key-headers||oauth2||rate-limiting,null
wos-alerting-ui,clarivate.com,/,"/alerts",null,true,eureka-router,wosalertingui.wos.{CLOUD_DEV_PHASE}.{CLOUD_ENVIRONMENT}
singularity-chemcur-common-euwest-service-int-api,chemcur-common-euwest1.int.singularity.clarivate.com,/,"/sing/int/chemcur-euwest1",null,true,cors||jwt,null
m-extract,clarivate.com,/s1/extract,"/api/s1/extract",null,true,acl||eureka-router||key-auth,s1keyextraction.{CLOUD_STACK}.{CLOUD_DEV_PHASE}.{CLOUD_ENVIRONMENT}
entitlement-test,httpbin.org,/demo/all/,"/entitlement-test",null,true,acl||eureka-router||key-auth,1pexampleservice.{CLOUD_STACK}.{CLOUD_DEV_PHASE}.{CLOUD_ENVIRONMENT}
journal-profile-api,clarivate.com,/,"/api/jprof/public",null,false,eureka-router||url-replace,journalprofile.scholarone.{CLOUD_DEV_PHASE}.{CLOUD_ENVIRONMENT}
cddi-analytics-api,clarivate.com,/,"/apiv2/cddi/analytics",null,true,eureka-router||jwt,cddianalytics.{CLOUD_STACK}.{CLOUD_DEV_PHASE}.{CLOUD_ENVIRONMENT}
platform-oauth-api,clarivate.com,/,"/api/account/auth"||"/api/account/delete"||"/api/account/genlink"||"/api/auth/accountsettings"||"/api/authorize/auth"||"/api/email"||"/api/sso/url"||"/api/validate",null,false,cors||eureka-router||jwt||url-replace,1pauth.{CLOUD_STACK}.{CLOUD_DEV_PHASE}.{CLOUD_ENVIRONMENT}
singularity-translations-int-api,translation-common.int.singularity.clarivate.com,/,"/sing/int/sing-trans",null,true,jwt,null
patentability-search-service,clarivate.com,/,"/api/dsps",null,true,acl||correlation-id||cors||eureka-router||key-auth,patentabilitysearchservice.{CLOUD_STACK}.{CLOUD_DEV_PHASE}.{CLOUD_ENVIRONMENT}
mockbinoauth,mockbin.org,/,"/headers",null,false,acl||oauth2||rate-limiting,null
singularity-sourcemaster-uat-api,source-master-common.uat.singularity.clarivate.com,/,"/sing/uat/source-master",null,true,jwt,null
cgi-marketing-gui,clarivate.com,/,"/marketing/generics"||"/ui/generics/marketing",null,false,eureka-router||request-transformer,npmarketingui.newport.{CLOUD_DEV_PHASE}.{CLOUD_ENVIRONMENT}
wos-jcr-jif-api,clarivate.com,/,"/api/jcr/jif/.*",null,false,cors||eureka-router||url-replace,wosjcrjif.wos.{CLOUD_DEV_PHASE}.{CLOUD_ENVIRONMENT}
wosac-service,clarivate.com,/api/wosac,"/api/wosac",null,true,acl||eureka-router||key-auth,wosacservice.{CLOUD_STACK}.{CLOUD_DEV_PHASE}.{CLOUD_ENVIRONMENT}
ccorgresolutionservice,clarivate.com,/address,"/api/ccorgresolutionservice/v1/address",null,true,acl||eureka-router||key-auth,ccorgresolutionservice.{CLOUD_STACK}.{CLOUD_DEV_PHASE}.{CLOUD_ENVIRONMENT}
singularity-lsclintrials-microservice-dev-api,lsclintrials-common.dev.singularity.clarivate.com,/,"/sing/dev/lsclintrials-microservice",null,true,cors||jwt,null
singularity-ref-master-common-dev-api,ref-master-common.dev.singularity.clarivate.com,/,"/sing/dev/ref-master-common",null,true,cors||jwt,null
wos-author-xform-service-for-rrc,clarivate.com,/,"/api/wosnx/rrc/researcher",null,false,eureka-router||url-replace||wos-session-auth,wosauthorxform.{CLOUD_STACK}.{CLOUD_DEV_PHASE}.{CLOUD_ENVIRONMENT}
wosrl-api,publons.com,/,"/api/wosrl",null,false,acl||custom-key-headers||key-auth||rate-limiting||request-transformer,null
wos,clarivate.com,/wos/,"/api/wos",null,true,acl||cors||custom-key-headers||eureka-router||key-auth||rate-limiting,wosrestadapter.wos.{CLOUD_DEV_PHASE}.{CLOUD_ENVIRONMENT}
cddi-analytics-api-2,clarivate.com,/,"/api/cddi/analytics",null,true,eureka-router||jwt,cddianalytics.cddi.{CLOUD_DEV_PHASE}.{CLOUD_ENVIRONMENT}
m_reviewer,clarivate.com,/reviewer/,"/api/m_reviewer",null,true,acl||eureka-router||key-auth,1previewerlocator.{CLOUD_STACK}.{CLOUD_DEV_PHASE}.{CLOUD_ENVIRONMENT}
wos-nx-core,clarivate.com,/core,"/api/wosnx/core",null,true,eureka-router,wosnxcore.wos.{CLOUD_DEV_PHASE}.{CLOUD_ENVIRONMENT}
singularity-chemistry-master-api,chemcur-common.int.singularity.clarivate.com,/,"/sing/int/chemeditor"||"/sing/int/dcrws"||"/sing/int/wipdbws",null,true,jwt,null
links-entitlement-api,clarivate.com,/,"/api/links/entitlements",null,false,eureka-router||ip-restriction||url-replace,1plinksentitlements.{CLOUD_STACK}.{CLOUD_DEV_PHASE}.{CLOUD_ENVIRONMENT}
platform-frontend-api,clarivate.com,/,"/cmty",null,true,eureka-router,1pfrontend.{CLOUD_STACK}.{CLOUD_DEV_PHASE}.{CLOUD_ENVIRONMENT}
cc-authorship-feedback-resolve,clarivate.com,/,"/api/authorship/feedback/extract/ids"||"/api/authorship/feedback/extract/single"||"/api/authorship/resolve",null,false,eureka-router||url-replace,ccauthorshipresolution.{CLOUD_STACK}.{CLOUD_DEV_PHASE}.{CLOUD_ENVIRONMENT}
singularity-ontology-master-common-uat-api,ontology-master-common.uat.singularity.clarivate.com,/,"/sing/uat/ontology-master-common",null,true,cors||jwt,null
session-service-api,clarivate.com,/,"/internal/api/email"||"/internal/api/session"||"/internal/api/sso",null,false,eureka-router||url-replace,1pauth.{CLOUD_STACK}.{CLOUD_DEV_PHASE}.{CLOUD_ENVIRONMENT}
wos-nx-shared,clarivate.com,/shared,"/api/wosnx/shared",null,true,eureka-router,wosnxshared.wos.{CLOUD_DEV_PHASE}.{CLOUD_ENVIRONMENT}
singularity-ontology-master-common-int-api,ontology-master-common.int.singularity.clarivate.com,/,"/sing/int/ontology-master-common",null,true,cors||jwt,null
rics-cda,rics-api-int.dev-stable.cc.clarivate.com,/,"/internal/cda","rics-api.dev-stable.cc.clarivate.com",false,acl||key-auth||rate-limiting,null
email-engine,clarivate.com,/,"/internal/emailengine",null,true,eureka-router,1pemailengine.{CLOUD_STACK}.{CLOUD_DEV_PHASE}.{CLOUD_ENVIRONMENT}
singularity-product-master-drug-api,prod-drug-master-common.int.singularity.clarivate.com,/,"/drug_master",null,false,jwt,null
singularity-notif-dev-api,notifications-common.dev.singularity.clarivate.com,/,"/sing/dev/sing-notif",null,true,jwt,null
entitlements-key-auth,clarivate.com,/entitlements/,"/api/key/entitlements",null,true,acl||eureka-router||key-auth,1pentitlements.{CLOUD_STACK}.{CLOUD_DEV_PHASE}.{CLOUD_ENVIRONMENT}
cortellis-results-app,clarivate.com,/,"/cortellis/results",null,true,eureka-router,cortellisresultsapp.cortellis.{CLOUD_DEV_PHASE}.{CLOUD_ENVIRONMENT}
singularity-mada-int-api,mada-qa.decisionresourcesgroup.com,/,"/sing/int/mada",null,true,cors||jwt,null
cortellis-user-details-api,clarivate.com,/,"/api/cortellis/userdetails",null,false,eureka-router||jwt||url-replace,cortellisuserdetailsapi.cortellis.{CLOUD_DEV_PHASE}.{CLOUD_ENVIRONMENT}
cortellis-landing-app,clarivate.com,/,"/cortellis/landing/ri",null,true,eureka-router,cortellislandingapp.cortellis.{CLOUD_DEV_PHASE}.{CLOUD_ENVIRONMENT}
reviewer,clarivate.com,/reviewer/,"/api/reviewer",null,true,acl||custom-key-headers||eureka-router||key-auth,1previewerlocator.{CLOUD_STACK}.{CLOUD_DEV_PHASE}.{CLOUD_ENVIRONMENT}
iip-frontend-api,clarivate.com,/,"/iip",null,true,eureka-router,iipfrontend.wos.{CLOUD_DEV_PHASE}.{CLOUD_ENVIRONMENT}
singularity-pdf-xml-common-int-api,pdf2xml-common.int.singularity.clarivate.com,/,"/sing/int/pdf2xml",null,true,cors||jwt,null
singularity-prod-subst-master-dev-api,prod-subst-master-common.dev.singularity.clarivate.com,/,"/sing/dev/prod-subst-master",null,true,cors||jwt,null
stress-test,clarivate.com,/stress,"/stress-test",null,true,acl||eureka-router||key-auth,1pexampleservice.{CLOUD_STACK}.{CLOUD_DEV_PHASE}.{CLOUD_ENVIRONMENT}
singularity-chemistry-master-api-uat,chemcur-common.uat.singularity.clarivate.com,/,"/sing/uat/chemeditor"||"/sing/uat/dcrws"||"/sing/uat/wipdbws",null,true,jwt,null
citation-score,clarivate.com,/citationscore,"/api/citationscore",null,true,acl||eureka-router||key-auth,citationconfidence.{CLOUD_STACK}.{CLOUD_DEV_PHASE}.{CLOUD_ENVIRONMENT}
singularity-org-master-common-uat-api,org-master-common.uat.singularity.clarivate.com,/,"/sing/uat/org-master-common",null,true,jwt,null
singularity-search-uat-api,sing-search-common.uat.singularity.clarivate.com,/,"/sing/uat/search-common",null,true,jwt,null
singularity-pub-books-int-api,pub-books-common.int.singularity.clarivate.com,/,"/sing/int/books",null,true,cors||jwt,null
links-api,clarivate.com,/,"/api/links",null,false,eureka-router||ip-restriction||url-replace,woslinks.{CLOUD_STACK}.{CLOUD_DEV_PHASE}.{CLOUD_ENVIRONMENT}
wos-author-xform-feedback,clarivate.com,/,"/api/feedback",null,false,eureka-router||url-replace,wosauthorxform.{CLOUD_STACK}.{CLOUD_DEV_PHASE}.{CLOUD_ENVIRONMENT}
wpp-ui-api,clarivate.com,/,"/wpp",null,true,eureka-router,wppui.scholarone.{CLOUD_DEV_PHASE}.{CLOUD_ENVIRONMENT}
central-submission-restricted-api,clarivate.com,/,"/api/censub/restricted",null,false,eureka-router||jwt||url-replace,centralsubmission.scholarone.{CLOUD_DEV_PHASE}.{CLOUD_ENVIRONMENT}
cgi-alerts,clarivate.com,/,"/api/generics/alerts"||"/api/generics/internal/api",null,false,eureka-router||jwt||url-replace,npalerts.newport.{CLOUD_DEV_PHASE}.{CLOUD_ENVIRONMENT}
singularity-stats-powerbi-dev,stats-powerbi-lambda.dev.singularity.clarivate.com,/,"/sing/dev/stats-powerbi",null,true,jwt,null
dra-td-gui,clarivate.com,/,"/dra"||"/dra-td",null,true,eureka-router||request-transformer,dratdgui.dra.{CLOUD_DEV_PHASE}.{CLOUD_ENVIRONMENT}
platform-profile-api,clarivate.com,/profile/admin,"/api/profile/admin",null,true,acl||eureka-router||ip-restriction||key-auth||rate-limiting,1pprofiles.{CLOUD_STACK}.{CLOUD_DEV_PHASE}.{CLOUD_ENVIRONMENT}
singularity-product-master-device-api,prod-device-master-common.int.singularity.clarivate.com,/,"/device_master",null,false,jwt,null
censub-frontend-api,clarivate.com,/,"/censub"||"/mjl-beta",null,true,eureka-router,censubui.scholarone.{CLOUD_DEV_PHASE}.{CLOUD_ENVIRONMENT}
s-suggest,clarivate.com,/s1/suggest/,"/api/s1/suggest",null,true,acl||eureka-router||key-auth,s1ringgoldtypeahead.{CLOUD_STACK}.{CLOUD_DEV_PHASE}.{CLOUD_ENVIRONMENT}
account-auth-api,clarivate.com,/,"/internal/api/account/auth",null,false,eureka-router||jwt||url-replace,1pauth.{CLOUD_STACK}.{CLOUD_DEV_PHASE}.{CLOUD_ENVIRONMENT}
singularity-task-management-uat-api,task-mgmt-common.uat.singularity.clarivate.com,/,"/sing/uat/sing-task-mgmt",null,true,jwt,null
wos-nx-alerting,clarivate.com,/alerting,"/api/wosnx/alerting",null,false,eureka-router||url-replace,wosnxalerting.wos.{CLOUD_DEV_PHASE}.{CLOUD_ENVIRONMENT}
myorg,clarivate.com,/myorg/,"/api/myorg",null,true,acl||custom-key-headers||eureka-router||key-auth,iipedge.wos.{CLOUD_DEV_PHASE}.{CLOUD_ENVIRONMENT}
cddi-ontologies-api-2,clarivate.com,/,"/api/cddi/ontologies",null,false,eureka-router||jwt||url-replace,cddiontologies.cddi.{CLOUD_DEV_PHASE}.{CLOUD_ENVIRONMENT}
echo,localhost,/,"/wicked-echo/v1",null,true,acl||correlation-id||oauth2,null
entitlements-internal,clarivate.com,/entitlements/,"/internal/entitlements",null,true,eureka-router,1pentitlements.{CLOUD_STACK}.{CLOUD_DEV_PHASE}.{CLOUD_ENVIRONMENT}
static-test,httpbin.org,/api/zuulStats/,"/static-test",null,false,acl||eureka-router||key-auth,http://zuulinside-{CLOUD_DEV_PHASE}.{CLOUD_ENVIRONMENT}.oneplatform.build/api/zuulStats
cddi-export-api,clarivate.com,/,"/apiv2/cddi/export",null,false,eureka-router||jwt||url-replace,cddiexport.{CLOUD_STACK}.{CLOUD_DEV_PHASE}.{CLOUD_ENVIRONMENT}
singularity-notification-api,notifications-common.int.singularity.clarivate.com,/,"/cc-notifications-service",null,false,jwt,null
platform-microui-login-api,clarivate.com,/,"/",null,false,cors||eureka-router,1pmicrouiloginngx.{CLOUD_STACK}.{CLOUD_DEV_PHASE}.{CLOUD_ENVIRONMENT}
singularity-pdftoxml-scholarlyitem-master-uat,pdf2xml-common.uat.singularity.clarivate.com,/,"/sing/uat/pdf2xml/scholarlyitemmaster-api",null,true,jwt,null
singularity-stats-powerbi-int,stats-powerbi-lambda.int.singularity.clarivate.com,/,"/sing/int/stats-powerbi",null,true,jwt,null
api-usage,clarivate.com,/customer/usage,"/internal/api-usage",null,true,eureka-router,apiusage.{CLOUD_STACK}.{CLOUD_DEV_PHASE}.{CLOUD_ENVIRONMENT}
entitlements,clarivate.com,/entitlements/,"/api/entitlements",null,true,acl||eureka-router||key-auth,1pentitlements.{CLOUD_STACK}.{CLOUD_DEV_PHASE}.{CLOUD_ENVIRONMENT}
platform-auth-audit-history-api,clarivate.com,/,"/api/audit/history/.*",null,false,eureka-router||jwt||url-replace,1pauth.{CLOUD_STACK}.{CLOUD_DEV_PHASE}.{CLOUD_ENVIRONMENT}
singularity-pharma-master-resolution-service-int-api,pharma-master-resolution-service.int.singularity.clarivate.com,/,"/sing/int/pharma-master-resolution-service",null,true,cors||jwt,null
platform-groups-api,clarivate.com,/,"/api/groups",null,false,cors||eureka-router||url-replace,1pgroups.{CLOUD_STACK}.{CLOUD_DEV_PHASE}.{CLOUD_ENVIRONMENT}
singularity-task-management-int-api,task-mgmt-common.int.singularity.clarivate.com,/,"/sing/int/sing-task-mgmt",null,true,jwt,null
cddi-export-api-2,clarivate.com,/,"/api/cddi/export",null,false,eureka-router||jwt||url-replace,cddiexport.cddi.{CLOUD_DEV_PHASE}.{CLOUD_ENVIRONMENT}
mws-bridge-api,clarivate.com,/,"/api/wosnx/rrc/bridge/mws/.*",null,false,eureka-router||url-replace,1pmwsbridge.{CLOUD_STACK}.{CLOUD_DEV_PHASE}.{CLOUD_ENVIRONMENT}
wos-nx-ui,clarivate.com,/,"/wos",null,true,eureka-router,wosnxui.wos.{CLOUD_DEV_PHASE}.{CLOUD_ENVIRONMENT}
cddi-table-api,clarivate.com,/,"/apiv2/cddi/counts"||"/apiv2/cddi/ids"||"/apiv2/cddi/table",null,false,eureka-router||jwt||url-replace,cdditable.{CLOUD_STACK}.{CLOUD_DEV_PHASE}.{CLOUD_ENVIRONMENT}
singularity-ref-master-common-uat-api,ref-master-common.uat.singularity.clarivate.com,/,"/sing/uat/ref-master-common",null,true,cors||jwt,null
cddi-entity-api-2,clarivate.com,/,"/api/cddi/entity",null,false,eureka-router||jwt||url-replace,cddientity.cddi.{CLOUD_DEV_PHASE}.{CLOUD_ENVIRONMENT}
singularity-patent-master-apsoutheast-int-api,patent-master-common-apsoutheast1.int.singularity.clarivate.com,/,"/sing/int/patent-master-apsoutheast1",null,true,cors||jwt,null
cortellis-deals-analytics-api,clarivate.com,/,"/api/cortellis/cortellisdealsanalyticsapi",null,false,eureka-router||jwt||url-replace,cortellisdealsanalyticsapi.cortellis.{CLOUD_DEV_PHASE}.{CLOUD_ENVIRONMENT}
singularity-mada-uat-api,mada-staging.decisionresourcesgroup.com,/,"/sing/uat/mada",null,true,cors||jwt,null
singularity-prod-subst-master-int-api,prod-subst-master-common.int.singularity.clarivate.com,/,"/sing/int/prod-subst-master",null,true,cors||jwt,null
author,clarivate.com,/author,"/api/author",null,true,acl||eureka-router||key-auth,wosauthorrecommend.{CLOUD_STACK}.{CLOUD_DEV_PHASE}.{CLOUD_ENVIRONMENT}
singularity-pharma-master-fdm-service-uat-api,pharma-master-fdm-service.uat.singularity.clarivate.com,/,"/sing/uat/pharma-master-fdm-service",null,true,cors||jwt,null
singularity-task-mgmt-wf-int-api,task-mgmt-workflow-model-provider.int.singularity.clarivate.com,/,"/sing/int/sing-task-mgmt-wf",null,true,jwt,null
cmc-api,clarivate.com,/,"/api/cmc/services",null,false,eureka-router||jwt,cmcapi.{CLOUD_STACK}.{CLOUD_DEV_PHASE}.{CLOUD_ENVIRONMENT}
match,clarivate.com,/match/,"/api/match",null,true,acl||eureka-router||key-auth||rate-limiting,matchingservice.{CLOUD_STACK}.{CLOUD_DEV_PHASE}.{CLOUD_ENVIRONMENT}
dra-excel-export-api,clarivate.com,/,"/api/dra/excel/export",null,false,auth-extensions||eureka-router||jwt||url-replace,draexcelexport.dra.{CLOUD_DEV_PHASE}.{CLOUD_ENVIRONMENT}
singularity-pharma-master-resolution-service-dev-api,pharma-master-resolution-service.dev.singularity.clarivate.com,/,"/sing/dev/pharma-master-resolution-service",null,true,cors||jwt,null
dra-td-gui-services,clarivate.com,/,"/api/dra/td/gui/services",null,false,auth-extensions||eureka-router||jwt||url-replace,dratdguiservices.dra.{CLOUD_DEV_PHASE}.{CLOUD_ENVIRONMENT}
cddi-marketing-gui-api-2,clarivate.com,/,"/marketing/cddi/drugdiscovery"||"/ui/cddi/drugdiscovery/marketing",null,false,eureka-router,cddimarketingui.cddi.{CLOUD_DEV_PHASE}.{CLOUD_ENVIRONMENT}
wpp-data-service-api,clarivate.com,/,"/api/wpp/.*",null,false,cors||eureka-router||jwt||url-replace,publisherportaldataservice.scholarone.{CLOUD_DEV_PHASE}.{CLOUD_ENVIRONMENT}
platform-email-api,clarivate.com,/email/platform/,"/api/email/platform",null,true,acl||eureka-router||key-auth||rate-limiting,1pauth.{CLOUD_STACK}.{CLOUD_DEV_PHASE}.{CLOUD_ENVIRONMENT}
singularity-patent-master-uat-api,patent-master-common.uat.singularity.clarivate.com,/,"/sing/uat/patent-master",null,true,jwt,null
singularity-stats-powerbi-postgres-dev,stats-powerbi-postgres-lambda.dev.singularity.clarivate.com,/,"/sing/dev/stats-powerbi-postgres",null,true,jwt,null
singularity-chemistry-master-api-dev,chemcur-common.dev.singularity.clarivate.com,/,"/sing/dev/chemeditor"||"/sing/dev/dcrws"||"/sing/dev/wipdbws",null,true,jwt,null
platform-user-profile-api,clarivate.com,/profile,"/api/profile",null,true,cors||eureka-router||jwt,1pprofiles.{CLOUD_STACK}.{CLOUD_DEV_PHASE}.{CLOUD_ENVIRONMENT}
rrcc-frontend,clarivate.com,/,"/rrcc",null,true,eureka-router,rrcfrontend.{CLOUD_STACK}.{CLOUD_DEV_PHASE}.{CLOUD_ENVIRONMENT}
cortellis-report-component,clarivate.com,/,"/intelligence/site-report",null,true,eureka-router,cortellisreportcomponent.cortellis.{CLOUD_DEV_PHASE}.{CLOUD_ENVIRONMENT}
kongstatus,localhost,/,"/status",null,false,acl||key-auth||rate-limiting,null
cortellis-export-search-api,clarivate.com,/,"/api/cortellis/export",null,false,eureka-router||jwt||url-replace,cortellisexportsearchapi.cortellis.{CLOUD_DEV_PHASE}.{CLOUD_ENVIRONMENT}
iam-get-session,clarivate.com,/,"/api/session/user",null,false,eureka-router||request-transformer||url-replace,1pauth.{CLOUD_STACK}.{CLOUD_DEV_PHASE}.{CLOUD_ENVIRONMENT}
cortellis-download-api,clarivate.com,/,"/api/cortellis/download",null,false,eureka-router||jwt||url-replace,cortellisdownloadapi.cortellis.{CLOUD_DEV_PHASE}.{CLOUD_ENVIRONMENT}
singularity-publication-int-api,publication-stable.dev.cc.oneplatform.build,/,"/sing/int/publication"||"/sing/uat/publication",null,true,cors||jwt,null
cdx-seed-api,clarivate.com,/,"/cdx",null,true,eureka-router,cdxseed.{CLOUD_STACK}.{CLOUD_DEV_PHASE}.{CLOUD_ENVIRONMENT}
singularity-translations-uat-api,translation-common.uat.singularity.clarivate.com,/,"/sing/uat/sing-trans",null,true,jwt,null
wos-nx-indic,clarivate.com,/indic,"/api/wosnx/indic",null,true,eureka-router,wosnxindic.wos.{CLOUD_DEV_PHASE}.{CLOUD_ENVIRONMENT}
platform-profile-client-key-auth,clarivate.com,/,"/api/profile/key/field/summary"||"/api/profile/key/user",null,false,acl||eureka-router||key-auth||rate-limiting||url-replace,1pprofiles.{CLOUD_STACK}.{CLOUD_DEV_PHASE}.{CLOUD_ENVIRONMENT}
singularity-pub-books-dev-api,pub-books-common.dev.singularity.clarivate.com,/,"/sing/dev/books",null,true,cors||jwt,null
links-gateway-api,clarivate.com,/,"/api/gateway",null,false,eureka-router||url-replace,1plinksgateway.{CLOUD_STACK}.{CLOUD_DEV_PHASE}.{CLOUD_ENVIRONMENT}
singularity-search-dev-api,sing-search-common.dev.singularity.clarivate.com,/,"/sing/dev/search-common",null,true,jwt,null
singularity-chemcur-common-euwest-dev-api,chemcur-common-euwest1.dev.singularity.clarivate.com,/,"/sing/dev/chemcur-euwest1",null,true,cors||jwt,null
cortellis-ontology-api,clarivate.com,/,"/api/browseOntologyData"||"/api/cortellis/ontology"||"/api/testgetontology",null,false,eureka-router||jwt||url-replace,cortellisontologyapi.cortellis.{CLOUD_DEV_PHASE}.{CLOUD_ENVIRONMENT}
rrc-feedback,zuulinside-stable.dev.oneplatform.build,/,"/api/researcher",null,false,acl||key-auth,null
singularity-app-stream-int-api,appstream.int.singularity.clarivate.com,/,"/sing/int/app-stream",null,true,cors||jwt,null
wos-jcr-jif-session-api,clarivate.com,/,"/api/jif",null,false,eureka-router||session-validation||url-replace,wosjcrjif.wos.{CLOUD_DEV_PHASE}.{CLOUD_ENVIRONMENT}
singularity-pharma-master-service-int-api,pharma-master-service.int.singularity.clarivate.com,/,"/sing/int/pharma-master-service",null,true,cors||jwt,null
singularity-comm-master-common-dev-api,comm-master-common.dev.singularity.clarivate.com,/,"/sing/dev/commercial-items",null,true,cors||jwt,null
cortellis-dealsanalytics-app,clarivate.com,/,"/cortellis/dealsanalytics",null,true,eureka-router,cortellisdealsanalyticsapp.cortellis.{CLOUD_DEV_PHASE}.{CLOUD_ENVIRONMENT}
singularity-notif-uat-api,notifications-common.uat.singularity.clarivate.com,/,"/sing/uat/sing-notif",null,true,jwt,null
enwservices,enwservices-qasecondary.isinet.com,/,"/dummy",null,false,acl||key-auth,null
cddi-marketing-gui-api,clarivate.com,/,"/marketing/drugdiscovery"||"/ui/drugdiscovery/marketing",null,false,eureka-router,cddimarketingui.integrity.{CLOUD_DEV_PHASE}.{CLOUD_ENVIRONMENT}
cddi-config-api-2,clarivate.com,/,"/api/cddi/config",null,false,eureka-router||jwt||url-replace,cddiconfig.cddi.{CLOUD_DEV_PHASE}.{CLOUD_ENVIRONMENT}
singularity-pdftoxml-scholarlyitem-master,pdf2xml-common.int.singularity.clarivate.com,/,"/sing/int/pdf2xml/scholarlyitemmaster-api",null,true,jwt,null
singularity-perseus-crud-int-api,perseus-crud-test.eks.test.int.compumark.com,/,"/sing/int/perseus/crud",null,true,cors||jwt,null
horizon-ui,clarivate.com,/,"/horizon",null,true,eureka-router,horizonfrontend.horizon.{CLOUD_DEV_PHASE}.{CLOUD_ENVIRONMENT}
wos-nx-org-typeahead,clarivate.com,/,"/api/wosnx/suggestorg",null,true,eureka-router,wosnxtypeahead.{CLOUD_STACK}.{CLOUD_DEV_PHASE}.{CLOUD_ENVIRONMENT}
cortellis-configuration-api,clarivate.com,/,"/api/configEiddo"||"/api/configLandingPageTools"||"/api/configtestget"||"/api/cortellis/configuration"||"/api/featureConfig"||"/api/getUserDetails"||"/api/landingPageHeaderConfig"||"/api/riAdvancedSearch"||"/api/user/preferences",null,false,eureka-router||jwt||url-replace,cortellisconfigurationapi.cortellis.{CLOUD_DEV_PHASE}.{CLOUD_ENVIRONMENT}
mra-restricted-api,clarivate.com,/,"/api/mra",null,true,eureka-router||jwt,mraservice.scholarone.{CLOUD_DEV_PHASE}.{CLOUD_ENVIRONMENT}
cddi-ontologies-api,clarivate.com,/,"/apiv2/cddi/ontologies",null,false,eureka-router||jwt||url-replace,cddiontologies.{CLOUD_STACK}.{CLOUD_DEV_PHASE}.{CLOUD_ENVIRONMENT}
singularity-perseus-crud-dev-api,perseus-crud-dvlp.eks.dvlp.int.compumark.com,/,"/sing/dev/perseus/crud",null,true,cors||jwt,null
ds_feedbackservice,clarivate.com,/,"/api/data",null,false,acl||eureka-router||key-auth,feedback_service.{CLOUD_STACK}.{CLOUD_DEV_PHASE}.{CLOUD_ENVIRONMENT}
singularity-vendor-service-api,user-profiles-common.int.singularity.clarivate.com,/,"/cc-user-profiles-vendor",null,false,jwt,null
singularity-chem-master-euwest-dev-api,chemcur-common-euwest1.dev.singularity.clarivate.com,/,"/sing/dev/chem-master-euwest1",null,true,cors||jwt,null
singularity-prod-drug-master-uat-api,prod-drug-master-common.uat.singularity.clarivate.com,/,"/sing/uat/prod-drug-master",null,true,cors||jwt,null
singularity-deals-master-service-int-api,deals-master-common.int.singularity.clarivate.com,/,"/sing/int/deals"||"/sing/int/deals-master-common",null,true,cors||jwt,null
singularity-platform-uat-api,sing-platform-common.uat.singularity.clarivate.com,/,"/sing/uat/sing-platform-common",null,true,jwt,null
cgi-api,clarivate.com,/,"/api/generics/api",null,false,eureka-router||jwt||url-replace,npapi.newport.{CLOUD_DEV_PHASE}.{CLOUD_ENVIRONMENT}
sagemaker,clarivate.com,/sagemaker/,"/api/sagemaker",null,true,acl||eureka-router||key-auth,sagemakerservice.{CLOUD_STACK}.{CLOUD_DEV_PHASE}.{CLOUD_ENVIRONMENT}
igr-alerts-api,clarivate.com,/,"/apiv2/igr/alerts",null,true,eureka-router||jwt,igralerts.{CLOUD_STACK}.{CLOUD_DEV_PHASE}.{CLOUD_ENVIRONMENT}
kpa-frontend,clarivate.com,/,"/kpa",null,false,eureka-router||request-transformer,kpagui.{CLOUD_STACK}.{CLOUD_DEV_PHASE}.{CLOUD_ENVIRONMENT}
cortellis-report-section-app,clarivate.com,/,"/intelligence/cortellis-report-section",null,true,eureka-router,cortellissvgextractorcomponent.cortellis.{CLOUD_DEV_PHASE}.{CLOUD_ENVIRONMENT}
singularity-pub-comments-dev-api,comments.dev-snapshot.cc.clarivate.com,/,"/sing/dev/pub-comments",null,true,cors||jwt,null
postmanoauth,postman-echo.com,/,"/get",null,false,acl||oauth2||rate-limiting,null
singularity-translations-dev-api,translation-common.dev.singularity.clarivate.com,/,"/sing/dev/sing-trans",null,true,jwt,null
cddi-table-api-2,clarivate.com,/,"/api/cddi/counts"||"/api/cddi/ids"||"/api/cddi/table",null,false,eureka-router||jwt||url-replace,cdditable.cddi.{CLOUD_DEV_PHASE}.{CLOUD_ENVIRONMENT}
platform-pre-oauth-api,clarivate.com,/,"/api/account"||"/api/auth/register"||"/api/auth/resetpassword"||"/api/authorize"||"/api/email/confirm"||"/api/merge"||"/api/oauth"||"/api/registration"||"/api/session"||"/api/sso"||"/api/users/sprefs",null,false,cors||eureka-router||url-replace,1pauth.{CLOUD_STACK}.{CLOUD_DEV_PHASE}.{CLOUD_ENVIRONMENT}
journal-profile-restricted-api,your.new.api,/,"/api/jprof/restricted",null,false,eureka-router||jwt||url-replace,journalprofile.scholarone.{CLOUD_DEV_PHASE}.{CLOUD_ENVIRONMENT}
ip-cloud-service,qa-cloud.clarivate.com.s3-website-us-west-2.amazonaws.com,/,"/5g-sep-analyzer"||"/chemistry-research"||"/examiner-search",null,false,null,null
igr-overview-api,clarivate.com,/,"/apiv2/igr/filter"||"/apiv2/igr/overview"||"/apiv2/igr/overview/config"||"/apiv2/igr/overview/ping"||"/apiv2/igr/search",null,false,eureka-router||jwt||url-replace,igroverview.{CLOUD_STACK}.{CLOUD_DEV_PHASE}.{CLOUD_ENVIRONMENT}
cortellis-svgextractor-api,clarivate.com,/,"/internal/svg-extractor",null,true,eureka-router,cortellissvgextractorcomponent.cortellis.{CLOUD_DEV_PHASE}.{CLOUD_ENVIRONMENT}
cortellis-alert-api,clarivate.com,/,"/api/cortellis/alert",null,false,eureka-router||jwt||url-replace,cortellisalertapi.cortellis.{CLOUD_DEV_PHASE}.{CLOUD_ENVIRONMENT}
comm-master-api,comm-master-common.int.singularity.clarivate.com,/,"/commercial-items"||"/commercial-items-sqs-api"||"/lscom-workerengine-sqs-listener",null,false,jwt,null
