cddi-gui-api,clarivate.com,/,"/drugdiscovery",null,true,eureka-router,igrgui.{CLOUD_STACK}.{CLOUD_DEV_PHASE}.{CLOUD_ENVIRONMENT}
matcher-internal-api,clarivate.com,/,"/internal/api/matcher",null,false,acl||eureka-router||key-auth||url-replace,1pmanumatcher.{CLOUD_STACK}.{CLOUD_DEV_PHASE}.{CLOUD_ENVIRONMENT}
cortellis-dealsanalytics-app,clarivate.com,/,"/cortellis/dealsanalytics",null,true,eureka-router,cortellisdealsanalyticsapp.cortellis.{CLOUD_DEV_PHASE}.{CLOUD_ENVIRONMENT}
igr-entity-api,clarivate.com,/,"/apiv2/igr/entity",null,false,eureka-router||jwt||url-replace,igrentity.{CLOUD_STACK}.{CLOUD_DEV_PHASE}.{CLOUD_ENVIRONMENT}
dra-td-entity,clarivate.com,/,"/api/dra-td/healthcheck"||"/api/dra/analytics/aggregations"||"/api/dra/analytics/entity/decorator"||"/api/dra/analytics/graphic"||"/api/dra/analytics/related/entities",null,false,auth-extensions||eureka-router||jwt||url-replace,dratdentity.dra.{CLOUD_DEV_PHASE}.{CLOUD_ENVIRONMENT}
test-jcr-session,mockbin.org,/,"/myorg/session/validate",null,true,session-validation,null
dra-td-gui-services,clarivate.com,/,"/api/dra/td/gui/services",null,false,auth-extensions||eureka-router||jwt||url-replace,dratdguiservices.dra.{CLOUD_DEV_PHASE}.{CLOUD_ENVIRONMENT}
rrc-feedback,clarivate.com,/researcher,"/api/researcher",null,true,acl||custom-key-headers||eureka-router||key-auth,wosauthorxform.{CLOUD_STACK}.{CLOUD_DEV_PHASE}.{CLOUD_ENVIRONMENT}
portal-api,portal-wicked.snapshot.dev.oneplatform.build,/,"/wicked/v1",null,true,acl||correlation-id||oauth2,null
mockbinoauth,mockbin.org,/,"/headers",null,false,acl||oauth2||rate-limiting,null
cdx-seed-api,clarivate.com,/,"/cdx",null,true,eureka-router,cdxseed.{CLOUD_STACK}.{CLOUD_DEV_PHASE}.{CLOUD_ENVIRONMENT}
singularity-user-profiles-api,user-profiles-common.dev.singularity.clarivate.com,/,"/cc-user-profiles-service",null,false,jwt,null
wosrl-publons-proxy,wosrl-snapshot.publons.com,/,"/wosrl/api/lookup"||"/wosrl/api/search",null,true,url-replace,null
compumark-content,cmapi-acpt.eks.apps.acc.compumark.com,/,"/compumark-content/api/v1(?!/user-config|/cache|/actuator)",null,true,acl||cors||custom-key-headers||key-auth||rate-limiting,null
central-submission-restricted-api,clarivate.com,/,"/api/censub/restricted",null,false,eureka-router||jwt||url-replace,centralsubmission.scholarone.{CLOUD_DEV_PHASE}.{CLOUD_ENVIRONMENT}
ip-cloud-service,qa-cloud.clarivate.com.s3-website-us-west-2.amazonaws.com,/,"/5g-sep-analyzer"||"/chemistry-research"||"/examiner-search",null,false,null,null
horizon-ui,clarivate.com,/,"/horizon",null,true,eureka-router,horizonfrontend.horizon.{CLOUD_DEV_PHASE}.{CLOUD_ENVIRONMENT}
platform-admin-ui,clarivate.com,/,"/psa",null,true,eureka-router,1padminui.{CLOUD_STACK}.{CLOUD_DEV_PHASE}.{CLOUD_ENVIRONMENT}
enwservices,zuulinside-snapshot.dev.oneplatform.build,/,"/somedummyservice",null,false,acl||custom-key-headers||key-auth,null
incites-jcr-fe-journal-profile-page,clarivate.com,/,"/jcr-jp",null,false,eureka-router,incitesjcr3fejournalprofilepage.wos.{CLOUD_DEV_PHASE}.{CLOUD_ENVIRONMENT}
cortellis_frontend,clarivate.com,/,"/intelligence/suite",null,true,eureka-router,cortellisfrontend.cortellis.perf.dev
rics,rics-api-int.dev-snapshot.cc.clarivate.com,/,"/api","rics-api.dev-snapshot.cc.clarivate.com"||"rics.dev-snapshot.cc.clarivate.com",false,cors||jwt,null
cmc-api,clarivate.com,/,"/api/cmc/services",null,false,eureka-router||jwt,cmcapi.{CLOUD_STACK}.{CLOUD_DEV_PHASE}.{CLOUD_ENVIRONMENT}
mra-public-api,clarivate.com,/,"/api/mra/public/.*",null,false,eureka-router||url-replace,mraservice.scholarone.{CLOUD_DEV_PHASE}.{CLOUD_ENVIRONMENT}
websockets,echo.websocket.org,/,"/api/websockets",null,true,acl||key-auth,null
mws-bridge-api,clarivate.com,/,"/api/wosnx/rrc/bridge/mws/.*",null,false,eureka-router||url-replace,1pmwsbridge.{CLOUD_STACK}.{CLOUD_DEV_PHASE}.{CLOUD_ENVIRONMENT}
echo,localhost,/,"/wicked-echo/v1",null,true,acl||correlation-id||oauth2,null
journal-profile-api,clarivate.com,/,"/api/jprof/public",null,false,eureka-router||url-replace,journalprofile.scholarone.{CLOUD_DEV_PHASE}.{CLOUD_ENVIRONMENT}
wos-nx-publication-typeahead,ac-uw2.int1.dev-wos.com,/AC/autoComplete.do,"/api/wosnx/typeahead/publications",null,true,null,null
singularity-product-master-drug-api,prod-drug-master-common.dev.singularity.clarivate.com,/,"/drug_master",null,false,jwt,null
models,clarivate.com,/,"/api/models",null,true,acl||eureka-router||key-auth,1pmodels.{CLOUD_STACK}.{CLOUD_DEV_PHASE}.{CLOUD_ENVIRONMENT}
cors-test,mockbin.org,/request,"/cors-test",null,true,cors,null
rics-triage-ui,triage-ui-int.dev-snapshot.cc.clarivate.com,/,"/","triage-ui.dev-snapshot.cc.clarivate.com",false,cors,null
experiment,clarivate.com,/experiment/,"/api/experiment",null,true,acl||custom-key-headers||eureka-router||key-auth,1pexp.{CLOUD_STACK}.{CLOUD_DEV_PHASE}.{CLOUD_ENVIRONMENT}
cortellis-drug-api,clarivate.com,/,"/cortellisdrugdbretrieveapi",null,false,eureka-router,cortellisdrugdbretrieveapi.cortellis.perf.dev
igr-type-ahead-api,clarivate.com,/,"/apiv2/igr/suggest",null,false,eureka-router||jwt||url-replace,igrtypeahead.{CLOUD_STACK}.{CLOUD_DEV_PHASE}.{CLOUD_ENVIRONMENT}
cgi-alerts,clarivate.com,/,"/api/generics/alerts"||"/api/generics/internal/api",null,false,eureka-router||jwt||url-replace,npalerts.newport.{CLOUD_DEV_PHASE}.{CLOUD_ENVIRONMENT}
cddi-marketing-gui-api-2,clarivate.com,/,"/marketing/cddi/drugdiscovery"||"/ui/cddi/drugdiscovery/marketing",null,false,eureka-router,cddimarketingui.cddi.{CLOUD_DEV_PHASE}.{CLOUD_ENVIRONMENT}
router-test,httpbin.org,/api/zuulStats/,"/router-test",null,true,acl||eureka-router||key-auth,http://zuulinside-{CLOUD_DEV_PHASE}.{CLOUD_ENVIRONMENT}.oneplatform.build
incites-jcr-bebwjournal,clarivate.com,/,"/api/jcr3/bwjournal/.*",null,false,cors||eureka-router||session-validation,incitesjcr3bebwjournal.wos.{CLOUD_DEV_PHASE}.{CLOUD_ENVIRONMENT}
platform-microui-login-api,clarivate.com,/,"/",null,false,cors||eureka-router,1pmicrouiloginngx.{CLOUD_STACK}.{CLOUD_DEV_PHASE}.{CLOUD_ENVIRONMENT}
keyword-similarity-service,clarivate.com,/,"/api/kss",null,true,acl||correlation-id||cors||eureka-router||key-auth,keywordsimilarityservice.{CLOUD_STACK}.{CLOUD_DEV_PHASE}.{CLOUD_ENVIRONMENT}
sagemaker,clarivate.com,/sagemaker/,"/api/sagemaker",null,true,acl||eureka-router||key-auth,sagemakerservice.{CLOUD_STACK}.{CLOUD_DEV_PHASE}.{CLOUD_ENVIRONMENT}
metabase-lite,clarivate.com,/,"/api/metabase-lite/v1",null,true,acl||eureka-router||oauth2,caastaxonomy.caas.{CLOUD_DEV_PHASE}.{CLOUD_ENVIRONMENT}
auth-test,httpbin.org,/demo/all/,"/auth-test",null,true,acl||eureka-router||key-auth,1pexampleservice.{CLOUD_STACK}.{CLOUD_DEV_PHASE}.{CLOUD_ENVIRONMENT}
cortellis-results-app,clarivate.com,/,"/cortellis/results",null,true,eureka-router,cortellisresultsapp.cortellis.{CLOUD_DEV_PHASE}.{CLOUD_ENVIRONMENT}
cddi-entity,clarivate.com,/,"/apiv2/cddi/entity",null,false,eureka-router||jwt||url-replace,cddientity.{CLOUD_STACK}.{CLOUD_DEV_PHASE}.{CLOUD_ENVIRONMENT}
postmanoauth,postman-echo.com,/,"/get",null,false,acl||oauth2||rate-limiting,null
steam-email-api,clarivate.com,/email/steam/,"/api/email/steam",null,true,acl||eureka-router||key-auth,1pauth.{CLOUD_STACK}.{CLOUD_DEV_PHASE}.{CLOUD_ENVIRONMENT}
caas-metabase-api,clarivate.com,/,"/api/metabase/v1",null,true,acl||eureka-router||oauth2,caastaxonomy.caas.{CLOUD_DEV_PHASE}.{CLOUD_ENVIRONMENT}
wos-nx-author-typeahead,clarivate.com,/,"/api/wosnx/suggestauthor",null,true,eureka-router,wosnxauthortypeahead.{CLOUD_STACK}.{CLOUD_DEV_PHASE}.{CLOUD_ENVIRONMENT}
censub-frontend-api,clarivate.com,/,"/censub"||"/mjl-beta",null,true,eureka-router,censubui.scholarone.{CLOUD_DEV_PHASE}.{CLOUD_ENVIRONMENT}
comm-master-api,comm-master-common.dev.singularity.clarivate.com,/,"/commercial-items"||"/commercial-items-sqs-api"||"/lscom-workerengine-sqs-listener",null,false,jwt,null
platform-frontend-api,clarivate.com,/,"/cmty",null,true,eureka-router,1pfrontend.{CLOUD_STACK}.{CLOUD_DEV_PHASE}.{CLOUD_ENVIRONMENT}
platform-profile-api,clarivate.com,/profile/admin,"/api/profile/admin",null,true,acl||eureka-router||ip-restriction||key-auth||rate-limiting,1pprofiles.{CLOUD_STACK}.{CLOUD_DEV_PHASE}.{CLOUD_ENVIRONMENT}
ccorgresolutionservice,clarivate.com,/address,"/api/ccorgresolutionservice/v1/address",null,true,acl||eureka-router||key-auth,ccorgresolutionservice.{CLOUD_STACK}.{CLOUD_DEV_PHASE}.{CLOUD_ENVIRONMENT}
wos-nx-publisher-typeahead,clarivate.com,/,"/api/wosnx/suggestpub",null,true,eureka-router,wosnxpublishertypeahead.{CLOUD_STACK}.{CLOUD_DEV_PHASE}.{CLOUD_ENVIRONMENT}
s_suggest,clarivate.com,/s1/suggest/,"/api/s1/suggest",null,true,acl||eureka-router||key-auth,s1ringgoldtypeahead.{CLOUD_STACK}.{CLOUD_DEV_PHASE}.{CLOUD_ENVIRONMENT}
singularity-product-master-device-api,prod-device-master-common.dev.singularity.clarivate.com,/,"/device_master",null,false,jwt,null
cddi-table-api,clarivate.com,/,"/apiv2/cddi/counts"||"/apiv2/cddi/ids"||"/apiv2/cddi/table",null,false,eureka-router||jwt||url-replace,cdditable.{CLOUD_STACK}.{CLOUD_DEV_PHASE}.{CLOUD_ENVIRONMENT}
myorg,clarivate.com,/myorg/,"/api/myorg",null,true,acl||custom-key-headers||eureka-router||key-auth,iipedge.wos.{CLOUD_DEV_PHASE}.{CLOUD_ENVIRONMENT}
platform-app-broker-api,clarivate.com,/,"/cmty","dev-snapshot.1p.thomsonreuters.com"||"projectne.thomsonreuters.com",true,eureka-router,1pappbroker.{CLOUD_STACK}.{CLOUD_DEV_PHASE}.{CLOUD_ENVIRONMENT}
static-upstream-test,clarivate.com,/request/extra/,"/static-upstream-test",null,true,acl||eureka-router||key-auth,mockbin
cgi-api,clarivate.com,/,"/api/generics/api",null,false,eureka-router||jwt||url-replace,npapi.newport.{CLOUD_DEV_PHASE}.{CLOUD_ENVIRONMENT}
sushi-api,clarivate.com,/counter/r5,"/api/counter/r5",null,true,acl||custom-key-headers||eureka-router||key-auth||request-transformer,woswurssushiservicecounterr5.wos.{CLOUD_DEV_PHASE}.{CLOUD_ENVIRONMENT}
cddi-analytics-api,clarivate.com,/,"/apiv2/cddi/analytics",null,true,eureka-router||jwt,cddianalytics.{CLOUD_STACK}.{CLOUD_DEV_PHASE}.{CLOUD_ENVIRONMENT}
cgi-type-ahead,clarivate.com,/,"/api/generics/suggest",null,false,eureka-router||jwt||url-replace,nptypeahead.newport.{CLOUD_DEV_PHASE}.{CLOUD_ENVIRONMENT}
dra-td-exploration,clarivate.com,/,"/api/dra-td/exploration",null,false,auth-extensions||eureka-router||jwt||url-replace,dratdexploration.dra.{CLOUD_DEV_PHASE}.{CLOUD_ENVIRONMENT}
platform-auth-audit-history-api,clarivate.com,/,"/api/audit/history/.*",null,false,eureka-router||jwt||url-replace,1pauth.{CLOUD_STACK}.{CLOUD_DEV_PHASE}.{CLOUD_ENVIRONMENT}
platform-app-broker-base-api,clarivate.com,/,"/.*","projectne.thomsonreuters.com",false,eureka-router,1pappbroker.{CLOUD_STACK}.{CLOUD_DEV_PHASE}.{CLOUD_ENVIRONMENT}
cortellis_user_details_api,clarivate.com,/,"/api/cortellis/userdetails",null,false,eureka-router||jwt||url-replace,cortellisuserdetailsapi.cortellis.{CLOUD_DEV_PHASE}.{CLOUD_ENVIRONMENT}
platform-oauth-api,clarivate.com,/,"/api/account/auth"||"/api/account/delete"||"/api/account/genlink"||"/api/auth/accountsettings"||"/api/authorize/auth"||"/api/email"||"/api/sso/url"||"/api/validate",null,false,cors||eureka-router||jwt||url-replace,1pauth.{CLOUD_STACK}.{CLOUD_DEV_PHASE}.{CLOUD_ENVIRONMENT}
cortellis-external-api,clarivate.com,/,"/cortellisexternal","api.eu-west-1.snapshot.dev.oneplatform.build",false,eureka-router,cortellisexternalapi.cortellis.{CLOUD_DEV_PHASE}.{CLOUD_ENVIRONMENT}
match,clarivate.com,/match/,"/api/match",null,true,acl||eureka-router||key-auth||rate-limiting,matchingservice.{CLOUD_STACK}.{CLOUD_DEV_PHASE}.{CLOUD_ENVIRONMENT}
platform-groups-invites-api,clarivate.com,/,"/api/invites",null,false,eureka-router||url-replace,1pgroups.{CLOUD_STACK}.{CLOUD_DEV_PHASE}.{CLOUD_ENVIRONMENT}
dra-td-score,clarivate.com,/,"/api/dra-td/score",null,false,auth-extensions||eureka-router||jwt||url-replace,dratdscore.dra.{CLOUD_DEV_PHASE}.{CLOUD_ENVIRONMENT}
platform-cache-service-api,clarivate.com,/,"/api/cache/igr",null,true,eureka-router,1pcache.{CLOUD_STACK}.{CLOUD_DEV_PHASE}.{CLOUD_ENVIRONMENT}
platform_profile_client,clarivate.com,/,"/api/profile/field/summary"||"/api/profile/user",null,false,eureka-router||jwt||url-replace,1pprofiles.{CLOUD_STACK}.{CLOUD_DEV_PHASE}.{CLOUD_ENVIRONMENT}
cddi-export-api,clarivate.com,/,"/apiv2/cddi/export",null,false,eureka-router||jwt||url-replace,cddiexport.{CLOUD_STACK}.{CLOUD_DEV_PHASE}.{CLOUD_ENVIRONMENT}
platform-microui-login-account-api,clarivate.com,/,"/account",null,false,eureka-router,1pmicrouiloginngx.{CLOUD_STACK}.{CLOUD_DEV_PHASE}.{CLOUD_ENVIRONMENT}
rics-roles,roles-api-int.dev-snapshot.cc.clarivate.com,/,"/api","roles-api.dev-snapshot.cc.clarivate.com",false,cors||jwt,null
wos-nx-alerting,clarivate.com,/alerting,"/api/wosnx/alerting",null,false,eureka-router||url-replace,wosnxalerting.wos.{CLOUD_DEV_PHASE}.{CLOUD_ENVIRONMENT}
platform-pre-oauth-api,clarivate.com,/,"/api/account"||"/api/auth/register"||"/api/auth/resetpassword"||"/api/authorize"||"/api/email/confirm"||"/api/merge"||"/api/oauth"||"/api/registration"||"/api/session"||"/api/sso"||"/api/users/sprefs",null,false,cors||eureka-router||request-transformer||url-replace,1pauth.{CLOUD_STACK}.{CLOUD_DEV_PHASE}.{CLOUD_ENVIRONMENT}
wos-nx-core-ws,clarivate.com,/,"/api/wosnxcorews",null,true,eureka-router,wosnxcore.wos.{CLOUD_DEV_PHASE}.{CLOUD_ENVIRONMENT}
cddi-export-api-2,clarivate.com,/,"/api/cddi/export",null,false,eureka-router||jwt||url-replace,cddiexport.cddi.{CLOUD_DEV_PHASE}.{CLOUD_ENVIRONMENT}
singularity-deals-master-api,deals-master-common.dev.singularity.clarivate.com,/,"/v1/deals",null,false,jwt,null
wosld-frontend,clarivate.com,/,"/dashboard",null,true,eureka-router,wosldui.wos.{CLOUD_DEV_PHASE}.{CLOUD_ENVIRONMENT}
wos-journal,clarivate.com,/,"/apis/wos-journals/v1",null,true,acl||eureka-router||key-auth,wosjournals.wos.{CLOUD_DEV_PHASE}.{CLOUD_ENVIRONMENT}
journal-profile-restricted-api,your.new.api,/,"/api/jprof/restricted",null,false,eureka-router||jwt||url-replace,journalprofile.scholarone.{CLOUD_DEV_PHASE}.{CLOUD_ENVIRONMENT}
cortellis-drug-api-dev,clarivate.com,/,"/cortellisdrugdbretrieveapidev",null,true,eureka-router,cortellisdrugdbretrieveapi.cortellis.snapshot.dev
central-submission-api,clarivate.com,/,"/api/censub/public",null,false,eureka-router||url-replace,centralsubmission.scholarone.{CLOUD_DEV_PHASE}.{CLOUD_ENVIRONMENT}
cmc-gui,clarivate.com,/,"/cmc",null,true,eureka-router||request-transformer,cmcgui.{CLOUD_STACK}.{CLOUD_DEV_PHASE}.{CLOUD_ENVIRONMENT}
links-gateway-api,clarivate.com,/,"/api/gateway",null,false,eureka-router||url-replace,1plinksgateway.{CLOUD_STACK}.{CLOUD_DEV_PHASE}.{CLOUD_ENVIRONMENT}
singularity-notification-api,notifications-common.dev.singularity.clarivate.com,/,"/cc-notifications-service",null,false,jwt,null
cddi-marketing-gui-api,clarivate.com,/,"/marketing/drugdiscovery"||"/ui/drugdiscovery/marketing",null,false,eureka-router,cddimarketingui.integrity.{CLOUD_DEV_PHASE}.{CLOUD_ENVIRONMENT}
wosrl-api,publons.com,/,"/api/wosrl",null,false,acl||custom-key-headers||key-auth||rate-limiting||request-transformer,null
cgi-frontend,clarivate.com,/,"/generics",null,false,eureka-router||request-transformer,npcfgui.newport.{CLOUD_DEV_PHASE}.{CLOUD_ENVIRONMENT}
rics-triage,triage-api-int.dev-snapshot.cc.clarivate.com,/,"/api","triage-api.dev-snapshot.cc.clarivate.com",false,cors||jwt,null
wos-jcr-jif-frontend-api,clarivate.com,/,"/jif",null,false,eureka-router,wosjcrjiffrontend.wos.{CLOUD_DEV_PHASE}.{CLOUD_ENVIRONMENT}
cortellis-svgextractor-api-dev,clarivate.com,/,"/internal/svg-extractor-dev","api.eu-west-1.snapshot.dev.oneplatform.build",true,eureka-router,cortellissvgextractorcomponent.cortellis.snapshot.dev
session-service-api,clarivate.com,/,"/internal/api/email"||"/internal/api/session"||"/internal/api/sso",null,false,eureka-router||url-replace,1pauth.{CLOUD_STACK}.{CLOUD_DEV_PHASE}.{CLOUD_ENVIRONMENT}
cddi-gui-api-2,clarivate.com,/,"/cddi/drugdiscovery",null,true,eureka-router,igrgui.cddi.{CLOUD_DEV_PHASE}.{CLOUD_ENVIRONMENT}
author,clarivate.com,/author,"/api/author",null,true,acl||custom-key-headers||eureka-router||key-auth,wosauthorrecommend.{CLOUD_STACK}.{CLOUD_DEV_PHASE}.{CLOUD_ENVIRONMENT}
wosld-client-api,clarivate.com,/,"/api/wosdashboard",null,false,eureka-router||jwt||url-replace,wosldservice.wos.{CLOUD_DEV_PHASE}.{CLOUD_ENVIRONMENT}
cgi-export,clarivate.com,/,"/api/generics/export",null,false,eureka-router||jwt||url-replace,npexport.newport.{CLOUD_DEV_PHASE}.{CLOUD_ENVIRONMENT}
patent-predictive,clarivate.com,/,"/api/patent-predictive",null,true,cors||eureka-router,patent-predictive.{CLOUD_STACK}.{CLOUD_DEV_PHASE}.{CLOUD_ENVIRONMENT}
cddi-filters-api-2,clarivate.com,/,"/api/cddi/filters",null,false,eureka-router||jwt||url-replace,cddifilters.cddi.{CLOUD_DEV_PHASE}.{CLOUD_ENVIRONMENT}
dra-td-gui,clarivate.com,/,"/dra"||"/dra-td",null,true,eureka-router||request-transformer,dratdgui.dra.{CLOUD_DEV_PHASE}.{CLOUD_ENVIRONMENT}
templates,clarivate.com,/,"/templates",null,true,eureka-router,microservicetemplates.{CLOUD_STACK}.dev1.dev
mockbinagent,mockbin.org,/,"/agent",null,false,acl||oauth2||rate-limiting,null
iip-frontend-api,clarivate.com,/,"/iip",null,true,eureka-router,iipfrontend.wos.{CLOUD_DEV_PHASE}.{CLOUD_ENVIRONMENT}
swagger-ui-portal,developer.dev-snapshot.clarivate.com,/swagger-ui,"/swagger-ui",null,true,correlation-id,null
tisearchdsl,clarivate.com,/,"/internal/tisearchdsl/v1",null,true,cors||eureka-router,tisearchdsl.{CLOUD_STACK}.{CLOUD_DEV_PHASE}.{CLOUD_ENVIRONMENT}
oauth-scopes-test,mockbin.org,/request,"/oauth-scopes-test",null,true,acl||oauth2,null
cortellis_export_search_api,clarivate.com,/,"/api/cortellis/export",null,false,eureka-router||jwt||url-replace,cortellisexportsearchapi.cortellis.{CLOUD_DEV_PHASE}.{CLOUD_ENVIRONMENT}
wosld-frontend-api,clarivate.com,/,"/wosdashboard",null,true,eureka-router,wosldui.wos.{CLOUD_DEV_PHASE}.{CLOUD_ENVIRONMENT}
dra-type-ahead,clarivate.com,/,"/api/dra/suggest",null,false,auth-extensions||eureka-router||jwt||url-replace,dratypeahead.dra.{CLOUD_DEV_PHASE}.{CLOUD_ENVIRONMENT}
wpp-data-service-api,clarivate.com,/,"/api/wpp/.*",null,false,cors||eureka-router||jwt||url-replace,publisherportaldataservice.scholarone.{CLOUD_DEV_PHASE}.{CLOUD_ENVIRONMENT}
reviewer-connect,publons.com,/partner,"/reviewer-connect/api",null,false,acl||custom-key-headers||key-auth||rate-limiting||request-transformer,null
wos-recommendation-service,clarivate.com,/,"/api/wosnx/recommend",null,true,acl||correlation-id||cors||eureka-router||key-auth,wosrecommendationservice.{CLOUD_STACK}.{CLOUD_DEV_PHASE}.{CLOUD_ENVIRONMENT}
sqb,staging2.sequencebase.com,/api/v1,"/searches"||"/test",null,true,acl||oauth2,null
wos,clarivate.com,/wos/,"/api/wos",null,true,acl||cors||custom-key-headers||eureka-router||key-auth||rate-limiting,wosrestadapter.wos.{CLOUD_DEV_PHASE}.{CLOUD_ENVIRONMENT}
wos-author-xform-service-for-rrc,clarivate.com,/,"/api/wosnx/rrc/researcher",null,false,eureka-router||url-replace||wos-session-auth,wosauthorxform.{CLOUD_STACK}.{CLOUD_DEV_PHASE}.{CLOUD_ENVIRONMENT}
stress-test,clarivate.com,/stress,"/stress-test",null,true,acl||eureka-router||key-auth,1pexampleservice.{CLOUD_STACK}.{CLOUD_DEV_PHASE}.{CLOUD_ENVIRONMENT}
rics-ontology,ri-ontology-int.dev-snapshot.cc.clarivate.com,/,"/","ri-ontology.dev-snapshot.cc.clarivate.com",false,cors||jwt,null
singularity-classification,clarivate.com,/api/commercial-item,"/api/commercial-item",null,true,acl||eureka-router||key-auth,singularityclassification.{CLOUD_STACK}.{CLOUD_DEV_PHASE}.{CLOUD_ENVIRONMENT}
cddi-ontologies-api-2,clarivate.com,/,"/api/cddi/ontologies",null,false,eureka-router||jwt||url-replace,cddiontologies.cddi.{CLOUD_DEV_PHASE}.{CLOUD_ENVIRONMENT}
iplab-api,clarivate.com,/,"/iplab",null,true,eureka-router,iplab.{CLOUD_STACK}.{CLOUD_DEV_PHASE}.{CLOUD_ENVIRONMENT}
converisreadapi,your.new.api,/,"/converisreadapi",null,true,null,null
dra-marketing-gui,clarivate.com,/,"/marketing/dratd"||"/ui/dratd/marketing",null,false,eureka-router||request-transformer,dratdmarketingui.dra.{CLOUD_DEV_PHASE}.{CLOUD_ENVIRONMENT}
fcr-extract,clarivate.com,/fcr/extract,"/api/fcr/extract",null,true,acl||eureka-router||key-auth,fcrextraction.{CLOUD_STACK}.{CLOUD_DEV_PHASE}.{CLOUD_ENVIRONMENT}
cortellis_configuration_api,clarivate.com,/,"/api/configEiddo"||"/api/configLandingPageTools"||"/api/configtestget"||"/api/cortellis/configuration"||"/api/featureConfig"||"/api/landingPageHeaderConfig"||"/api/riAdvancedSearch"||"/api/testNew",null,false,eureka-router||jwt||url-replace,cortellisconfigurationapi.cortellis.{CLOUD_DEV_PHASE}.{CLOUD_ENVIRONMENT}
singularity-chemistry-master-api,chemcur-common.dev.singularity.clarivate.com,/,"/chemeditor"||"/dcrws"||"/wipdbws",null,false,jwt,null
cortellis-export-app,clarivate.com,/,"/cortellis/export/.*",null,false,eureka-router||url-replace,cortellisexportapp.cortellis.{CLOUD_DEV_PHASE}.{CLOUD_ENVIRONMENT}
iam-get-session,clarivate.com,/,"/api/session/user",null,false,eureka-router||request-transformer||url-replace,1pauth.{CLOUD_STACK}.{CLOUD_DEV_PHASE}.{CLOUD_ENVIRONMENT}
kongstatus,localhost,/,"/status",null,false,acl||key-auth||rate-limiting,null
cortellis-report-component,clarivate.com,/,"/site-report/.*",null,false,eureka-router||url-replace,cortellisreportcomponent.cortellis.{CLOUD_DEV_PHASE}.{CLOUD_ENVIRONMENT}
cc-authorship-service,clarivate.com,/,"/api/authorship",null,false,eureka-router||jwt||url-replace,ccauthorshipresolution.{CLOUD_STACK}.{CLOUD_DEV_PHASE}.{CLOUD_ENVIRONMENT}
cddi-storage,clarivate.com,/,"/apiv2/cddi/storage",null,true,eureka-router||jwt,cddistorage.{CLOUD_STACK}.{CLOUD_DEV_PHASE}.{CLOUD_ENVIRONMENT}
wosac-service,clarivate.com,/api/wosac,"/api/wosac",null,true,acl||eureka-router||key-auth,wosacservice.{CLOUD_STACK}.{CLOUD_DEV_PHASE}.{CLOUD_ENVIRONMENT}
singularity-pdftoxml-scholarlyitem-master,pdf2xml-common.dev.singularity.clarivate.com,/,"/pdf2xml/scholarlyitemmaster-api",null,false,jwt,null
cddi-ontologies-api,clarivate.com,/,"/apiv2/cddi/ontologies",null,false,eureka-router||jwt||url-replace,cddiontologies.{CLOUD_STACK}.{CLOUD_DEV_PHASE}.{CLOUD_ENVIRONMENT}
wos-jcr-jif-session-api,clarivate.com,/,"/api/jif",null,false,eureka-router||session-validation||url-replace,wosjcrjif.wos.{CLOUD_DEV_PHASE}.{CLOUD_ENVIRONMENT}
patentability-search-service,clarivate.com,/,"/api/dsps",null,true,acl||correlation-id||cors||eureka-router||key-auth,patentabilitysearchservice.{CLOUD_STACK}.{CLOUD_DEV_PHASE}.{CLOUD_ENVIRONMENT}
platform-profile-client-internal,clarivate.com,/,"/internal/api/profile/field/summary"||"/internal/api/profile/user",null,false,acl||eureka-router||key-auth||rate-limiting||url-replace,1pprofiles.{CLOUD_STACK}.{CLOUD_DEV_PHASE}.{CLOUD_ENVIRONMENT}
cortellis_landing_component,clarivate.com,/,"/intelligence/landing",null,true,eureka-router||jwt,cortellislandingcomponent.cortellis.{CLOUD_DEV_PHASE}.{CLOUD_ENVIRONMENT}
frontend-api,clarivate.com,/,"/internal",null,false,eureka-router||url-replace,1pfrontend.{CLOUD_STACK}.{CLOUD_DEV_PHASE}.{CLOUD_ENVIRONMENT}
igr-alerts-api-2,clarivate.com,/,"/api/igr/alerts",null,true,eureka-router||jwt,igralerts.cddi.{CLOUD_DEV_PHASE}.{CLOUD_ENVIRONMENT}
singularity-task-management-api,task-mgmt-common.dev.singularity.clarivate.com,/,"/sing/dev/task-management/workflowtasks",null,false,jwt,null
platform-groups-api,clarivate.com,/,"/api/groups",null,false,cors||eureka-router||url-replace,1pgroups.{CLOUD_STACK}.{CLOUD_DEV_PHASE}.{CLOUD_ENVIRONMENT}
wos-nx-org-typeahead,clarivate.com,/,"/api/wosnx/suggestorg",null,true,eureka-router,wosnxtypeahead.{CLOUD_STACK}.{CLOUD_DEV_PHASE}.{CLOUD_ENVIRONMENT}
platform-user-profile-api,clarivate.com,/,"/api/profile",null,false,cors||eureka-router||jwt||url-replace,1pprofiles.{CLOUD_STACK}.{CLOUD_DEV_PHASE}.{CLOUD_ENVIRONMENT}
profile-v-two-auth-api,clarivate.com,/,"/api/v2users",null,false,cors||eureka-router||jwt||url-replace,1pprofile.{CLOUD_STACK}.{CLOUD_DEV_PHASE}.{CLOUD_ENVIRONMENT}
jwt-verify,mockbin.org,/request,"/api/jwt-verify",null,true,jwt,null
reviewer-connect-profiles,publons.com,/partner,"/reviewer-connect/api/profile",null,false,acl||custom-key-headers||key-auth||rate-limiting||request-transformer,null
cmc-dynamo-lambda,127.0.0.1,/,"/internal/api/cmc/dynamo/.*",null,false,aws-lambda||url-replace,null
cmc-formatting-lambda,127.0.0.1,/,"/internal/api/cmc/formatting",null,false,aws-lambda||url-replace,null
cortellis-retrieve-api,clarivate.com,/,"/api/browseRetrieveData"||"/api/retrievegrcdata"||"/api/retrieveirdata"||"/api/retrieversdata"||"/api/retrievetestget/.*",null,false,eureka-router||jwt||url-replace,cortellisretrieveapi.cortellis.{CLOUD_DEV_PHASE}.{CLOUD_ENVIRONMENT}
account-service-api,clarivate.com,/,"/internal/api/account"||"/internal/api/merge"||"/internal/api/oauth"||"/internal/api/users/sprefs",null,false,eureka-router||url-replace,1pauth.{CLOUD_STACK}.{CLOUD_DEV_PHASE}.{CLOUD_ENVIRONMENT}
cmc-alert-lambda,127.0.0.1,/,"/internal/api/cmc/alerts/kmp"||"/internal/api/cmc/alerts/testing/.*"||"/internal/api/cmc/alerts2/kmp",null,false,aws-lambda||url-replace,null
platform-email-api,clarivate.com,/email/platform/,"/api/email/platform",null,true,acl||eureka-router||key-auth||rate-limiting,1pauth.{CLOUD_STACK}.{CLOUD_DEV_PHASE}.{CLOUD_ENVIRONMENT}
onep-container,clarivate.com,/,"/api/container/v2",null,true,eureka-router||jwt,1pcontainer.1p.{CLOUD_DEV_PHASE}.{CLOUD_ENVIRONMENT}
woslite,clarivate.com,/woslite/,"/api/woslite",null,true,acl||custom-key-headers||eureka-router||key-auth||rate-limiting,wosrestadapter.wos.{CLOUD_DEV_PHASE}.{CLOUD_ENVIRONMENT}
entitlements,clarivate.com,/entitlements/,"/api/entitlements",null,true,eureka-router||jwt||request-transformer,1pentitlements.{CLOUD_STACK}.{CLOUD_DEV_PHASE}.{CLOUD_ENVIRONMENT}
incites-jcr-be-journalprofile-api,clarivate.com,/,"/api/jcr3/journalprofile/.*",null,false,cors||eureka-router||session-validation,incitesjcr3bejournalprofile.wos.{CLOUD_DEV_PHASE}.{CLOUD_ENVIRONMENT}
igr-alerts-api,clarivate.com,/,"/apiv2/igr/alerts",null,true,eureka-router||jwt,igralerts.{CLOUD_STACK}.{CLOUD_DEV_PHASE}.{CLOUD_ENVIRONMENT}
links-entitlement-api,clarivate.com,/,"/api/links/entitlements",null,false,eureka-router||ip-restriction||url-replace,1plinksentitlements.{CLOUD_STACK}.{CLOUD_DEV_PHASE}.{CLOUD_ENVIRONMENT}
igr-overview-api,clarivate.com,/,"/apiv2/igr/filter"||"/apiv2/igr/overview"||"/apiv2/igr/overview/config"||"/apiv2/igr/overview/ping"||"/apiv2/igr/search",null,false,eureka-router||jwt||url-replace,igroverview.{CLOUD_STACK}.{CLOUD_DEV_PHASE}.{CLOUD_ENVIRONMENT}
m_reviewer,clarivate.com,/reviewer/,"/api/m_reviewer",null,true,acl||eureka-router||key-auth,1previewerlocator.{CLOUD_STACK}.{CLOUD_DEV_PHASE}.{CLOUD_ENVIRONMENT}
wos-author-recommend-rrc,clarivate.com,/,"/api/wosnx/rrc/author/.*",null,false,cors||eureka-router||url-replace||wos-session-auth,wosauthorrecommend.{CLOUD_STACK}.{CLOUD_DEV_PHASE}.{CLOUD_ENVIRONMENT}
ca-profiles,clarivate.com,/collect/profile,"/internal/ca-profiles",null,true,cors||eureka-router,1pcommonanalytics.{CLOUD_STACK}.{CLOUD_DEV_PHASE}.{CLOUD_ENVIRONMENT}
citation-resolution-service,clarivate.com,/,"/api/crs",null,true,acl||correlation-id||cors||eureka-router||key-auth,citationresolutionservice.{CLOUD_STACK}.{CLOUD_DEV_PHASE}.{CLOUD_ENVIRONMENT}
ipd,clarivate.com,/,"/api/ipd/v1",null,true,acl||eureka-router||oauth2,caasipd.caas.{CLOUD_DEV_PHASE}.{CLOUD_ENVIRONMENT}
cddi-config-api-2,clarivate.com,/,"/api/cddi/config",null,false,eureka-router||jwt||url-replace,cddiconfig.cddi.{CLOUD_DEV_PHASE}.{CLOUD_ENVIRONMENT}
kpa-frontend,clarivate.com,/,"/kpa",null,false,eureka-router||request-transformer,kpagui.{CLOUD_STACK}.{CLOUD_DEV_PHASE}.{CLOUD_ENVIRONMENT}
mockbin,mockbin.org,/,"/request"||"/request-new4",null,false,acl||custom-key-headers||key-auth||rate-limiting||request-transformer,null
cortellis-landing-app,clarivate.com,/,"/cortellis/landing/ri",null,true,eureka-router,cortellislandingapp.cortellis.{CLOUD_DEV_PHASE}.{CLOUD_ENVIRONMENT}
sen-encoder,clarivate.com,/api/sencoder,"/api/sencoder",null,true,acl||eureka-router||key-auth,senencoder.{CLOUD_STACK}.{CLOUD_DEV_PHASE}.{CLOUD_ENVIRONMENT}
wos-nx-ui,clarivate.com,/,"/wos",null,true,eureka-router,wosnxui.wos.{CLOUD_DEV_PHASE}.{CLOUD_ENVIRONMENT}
wos-author-xform-for-researcher,clarivate.com,/,"/api/researcher",null,false,eureka-router||jwt||url-replace,wosauthorxform.{CLOUD_STACK}.{CLOUD_DEV_PHASE}.{CLOUD_ENVIRONMENT}
cddi-entity-api-2,clarivate.com,/,"/api/cddi/entity",null,false,eureka-router||jwt||url-replace,cddientity.cddi.{CLOUD_DEV_PHASE}.{CLOUD_ENVIRONMENT}
cortellis-download-api,clarivate.com,/,"/api/cortellis/download",null,false,eureka-router||jwt||url-replace,cortellisdownloadapi.cortellis.{CLOUD_DEV_PHASE}.{CLOUD_ENVIRONMENT}
cortellis-ontology-api,clarivate.com,/,"/api/browseOntologyData"||"/api/cortellis/ontology"||"/api/testgetontology",null,false,eureka-router||jwt||url-replace,cortellisontologyapi.cortellis.{CLOUD_DEV_PHASE}.{CLOUD_ENVIRONMENT}
task-distribution-api,task-mgmt-common.dev.singularity.clarivate.com,/,"/task-distribution/v1",null,false,jwt,null
cortellis-alert-app,clarivate.com,/,"/cortellis/alert/.*",null,false,eureka-router||url-replace,cortellisalertapp.cortellis.{CLOUD_DEV_PHASE}.{CLOUD_ENVIRONMENT}
pubmatch,clarivate.com,/,"/api/pubmatch",null,true,acl||eureka-router||key-auth,matchingservice.{CLOUD_STACK}.{CLOUD_DEV_PHASE}.{CLOUD_ENVIRONMENT}
cortellis-search-api,clarivate.com,/,"/api/cortellis/search/.*"||"/api/fetchLandingPageConfig"||"/api/landingPageSearchFilters"||"/api/searchdata"||"/api/testget/.*",null,false,eureka-router||jwt||url-replace,cortellissearchapi.cortellis.perf.dev
cortellis-report-section-app-dev,clarivate.com,/,"/intelligence/cortellis-report-section-dev",null,true,eureka-router,cortellissvgextractorcomponent.cortellis.snapshot.dev
wos-author-xform-feedback,clarivate.com,/,"/api/feedback",null,false,eureka-router||url-replace,wosauthorxform.{CLOUD_STACK}.{CLOUD_DEV_PHASE}.{CLOUD_ENVIRONMENT}
dra-excel-export-api,clarivate.com,/,"/api/dra/excel/export",null,false,auth-extensions||eureka-router||jwt||url-replace,draexcelexport.dra.{CLOUD_DEV_PHASE}.{CLOUD_ENVIRONMENT}
incites,clarivate.com,/incites/,"/api/incites",null,true,acl||cors||custom-key-headers||eureka-router||key-auth||rate-limiting||request-transformer,incitesrestadapter.wos.{CLOUD_DEV_PHASE}.{CLOUD_ENVIRONMENT}
wos-nx-core,clarivate.com,/core,"/api/wosnx/core",null,true,eureka-router,wosnxcore.wos.{CLOUD_DEV_PHASE}.{CLOUD_ENVIRONMENT}
wosld-service,clarivate.com,/dashboard,"/api/dashboard",null,true,eureka-router,wosldservice.wos.{CLOUD_DEV_PHASE}.{CLOUD_ENVIRONMENT}
cddi-config-api,clarivate.com,/,"/apiv2/cddi/config",null,false,eureka-router||jwt||url-replace,cddiconfig.{CLOUD_STACK}.{CLOUD_DEV_PHASE}.{CLOUD_ENVIRONMENT}
eureka-test,httpbin.org,/demo/all/,"/eureka-test",null,true,acl||eureka-router||key-auth,1pexampleservice.{CLOUD_STACK}.{CLOUD_DEV_PHASE}.{CLOUD_ENVIRONMENT}
matcher,clarivate.com,/matcher/,"/api/matcher",null,true,acl||eureka-router||key-auth,1pmanumatcher.{CLOUD_STACK}.{CLOUD_DEV_PHASE}.{CLOUD_ENVIRONMENT}
ping-portal,developer.dev-snapshot.clarivate.com,/ping,"/ping-portal",null,true,correlation-id||rate-limiting,null
cddi-analytics-api-2,clarivate.com,/,"/api/cddi/analytics",null,true,eureka-router||jwt,cddianalytics.cddi.{CLOUD_DEV_PHASE}.{CLOUD_ENVIRONMENT}
default-auth,auth-wicked.snapshot.dev.oneplatform.build,/,"/auth",null,false,correlation-id,null
cortellis_deals_landing_component,clarivate.com,/,"/cortellis/landing/deals",null,true,eureka-router,cortellisdealslandingcomponent.cortellis.perf.dev
cgi-marketing-gui,clarivate.com,/,"/marketing/generics"||"/ui/generics/marketing",null,false,eureka-router||request-transformer,npmarketingui.newport.{CLOUD_DEV_PHASE}.{CLOUD_ENVIRONMENT}
wos-nx-indic,clarivate.com,/indic,"/api/wosnx/indic",null,true,eureka-router,wosnxindic.wos.{CLOUD_DEV_PHASE}.{CLOUD_ENVIRONMENT}
recommend-publications,clarivate.com,/author/recommend,"/api/author/recommend",null,true,acl||custom-key-headers||eureka-router||key-auth,wosauthorrecommend.{CLOUD_STACK}.{CLOUD_DEV_PHASE}.{CLOUD_ENVIRONMENT}
account-auth-api,clarivate.com,/,"/internal/api/account/auth",null,false,eureka-router||jwt||url-replace,1pauth.{CLOUD_STACK}.{CLOUD_DEV_PHASE}.{CLOUD_ENVIRONMENT}
rics-cda,rics-api-int.dev-snapshot.cc.clarivate.com,/,"/internal/cda","rics-api.dev-snapshot.cc.clarivate.com",false,acl||key-auth||rate-limiting,null
lambdatest,127.0.0.1,/,"/lambdatest",null,false,acl||aws-lambda||custom-key-headers||key-auth||rate-limiting||response-transformer,null
iip-edge-api,clarivate.com,/,"/api/iip/.*",null,false,eureka-router||session-validation||url-replace,iipedge.wos.{CLOUD_DEV_PHASE}.{CLOUD_ENVIRONMENT}
adminui-ngx,clarivate.com,/,"/nexgenpsa",null,true,eureka-router,1padminuingx.{CLOUD_STACK}.{CLOUD_DEV_PHASE}.{CLOUD_ENVIRONMENT}
sp-master-service,clarivate.com,/,"/api/spmaster",null,false,eureka-router||url-replace,spmasterservices.{CLOUD_STACK}.{CLOUD_DEV_PHASE}.{CLOUD_ENVIRONMENT}
m-extract,clarivate.com,/s1/extract,"/api/s1/extract",null,true,acl||eureka-router||key-auth,s1keyextraction.{CLOUD_STACK}.{CLOUD_DEV_PHASE}.{CLOUD_ENVIRONMENT}
wosrl,wosrl-snapshot.publons.com,/,"/wosrl",null,true,eureka-router,wosrl.{CLOUD_STACK}.{CLOUD_DEV_PHASE}.{CLOUD_ENVIRONMENT}
sep-5g-service,clarivate.com,/,"/api/sep5g",null,true,acl||correlation-id||cors||eureka-router||key-auth,sep5gservice.{CLOUD_STACK}.{CLOUD_DEV_PHASE}.{CLOUD_ENVIRONMENT}
links-api,clarivate.com,/,"/api/links",null,false,eureka-router||ip-restriction||url-replace,woslinks.{CLOUD_STACK}.{CLOUD_DEV_PHASE}.{CLOUD_ENVIRONMENT}
rrcc-frontend,clarivate.com,/,"/rrcc",null,true,eureka-router,rrcfrontend.{CLOUD_STACK}.{CLOUD_DEV_PHASE}.{CLOUD_ENVIRONMENT}
mockbin-auth-extensions,mockbin.org,/request,"/mockbin-auth-extensions",null,true,auth-extensions||jwt,null
cddi-filters-api,clarivate.com,/,"/apiv2/cddi/filters",null,false,eureka-router||jwt||url-replace,cddifilters.{CLOUD_STACK}.{CLOUD_DEV_PHASE}.{CLOUD_ENVIRONMENT}
incites-jcr-fe-browse-by-journals,clarivate.com,/,"/jcr",null,false,eureka-router,incitesjcr3frontend.wos.{CLOUD_DEV_PHASE}.{CLOUD_ENVIRONMENT}
platform-media-api,clarivate.com,/media/,"/api/media",null,true,cors||eureka-router,1pmedia.{CLOUD_STACK}.{CLOUD_DEV_PHASE}.{CLOUD_ENVIRONMENT}
singularity-product-master-substance-api,prod-subst-master-common.dev.singularity.clarivate.com,/,"/substance_master",null,false,jwt,null
rics-ui,rics-ui.dev-snapshot.cc.clarivate.com,/,"/","rics.dev-snapshot.cc.clarivate.com",false,cors,null
api-usage,clarivate.com,/customer/usage,"/internal/api-usage",null,true,eureka-router,apiusage.{CLOUD_STACK}.{CLOUD_DEV_PHASE}.{CLOUD_ENVIRONMENT}
cc-authorship-feedback-resolve,clarivate.com,/,"/api/authorship/feedback/extract/ids"||"/api/authorship/feedback/extract/single"||"/api/authorship/resolve",null,false,eureka-router||url-replace,ccauthorshipresolution.{CLOUD_STACK}.{CLOUD_DEV_PHASE}.{CLOUD_ENVIRONMENT}
wos-author-recommend-curation,clarivate.com,/,"/api/curation/author/.*",null,false,eureka-router||url-replace,wosauthorrecommend.{CLOUD_STACK}.{CLOUD_DEV_PHASE}.{CLOUD_ENVIRONMENT}
kafka,localhost,/kafka,"/internal/kafka",null,true,null,null
mra-restricted-api,clarivate.com,/,"/api/mra",null,true,eureka-router||jwt,mraservice.scholarone.{CLOUD_DEV_PHASE}.{CLOUD_ENVIRONMENT}
singularity-vendor-service-api,user-profiles-common.dev.singularity.clarivate.com,/,"/cc-user-profiles-vendor",null,false,jwt,null
wos-alerting-ui,clarivate.com,/,"/alerts",null,true,eureka-router,wosalertingui.wos.{CLOUD_DEV_PHASE}.{CLOUD_ENVIRONMENT}
wpp-ui-api,clarivate.com,/,"/wpp",null,true,eureka-router,wppui.scholarone.{CLOUD_DEV_PHASE}.{CLOUD_ENVIRONMENT}
wos-jcr-jif-api,clarivate.com,/,"/api/jcr/jif/.*",null,false,cors||eureka-router||url-replace,wosjcrjif.wos.{CLOUD_DEV_PHASE}.{CLOUD_ENVIRONMENT}
wos-nx-shared,clarivate.com,/shared,"/api/wosnx/shared",null,true,eureka-router,wosnxshared.wos.{CLOUD_DEV_PHASE}.{CLOUD_ENVIRONMENT}
nptypeahead,clarivate.com,/suggest/,"/api/np/typeahead",null,true,acl||eureka-router||key-auth,nptypeahead.newport.{CLOUD_DEV_PHASE}.{CLOUD_ENVIRONMENT}
cddi-cache,clarivate.com,/,"/api/cache/igr",null,true,eureka-router||jwt,1pcache.1p.{CLOUD_DEV_PHASE}.{CLOUD_ENVIRONMENT}
cortellis-report-section-app,clarivate.com,/,"/intelligence/cortellis-report-section",null,true,eureka-router,cortellissvgextractorcomponent.cortellis.perf.dev
igr-overview-api-2,clarivate.com,/,"/api/igr/filter"||"/api/igr/overview"||"/api/igr/overview/config"||"/api/igr/overview/ping"||"/api/igr/search",null,false,eureka-router||jwt||url-replace,igroverview.cddi.{CLOUD_DEV_PHASE}.{CLOUD_ENVIRONMENT}
cmc-change-history,clarivate.com,/,"/api/cmcchangehistory",null,false,eureka-router,cmcchangehistory.{CLOUD_STACK}.{CLOUD_DEV_PHASE}.{CLOUD_ENVIRONMENT}
rics-roles-ui,roles-ui-int.dev-snapshot.cc.clarivate.com,/,"/","roles.dev-snapshot.cc.clarivate.com",false,cors,null
cortellis-svgextractor-api,clarivate.com,/,"/internal/svg-extractor","api.eu-west-1.snapshot.dev.oneplatform.build",true,eureka-router,cortellissvgextractorcomponent.cortellis.perf.dev
linksent-frontend-api,clarivate.com,/,"/linksent",null,true,eureka-router||ip-restriction,1plinksentitlementsui.{CLOUD_STACK}.{CLOUD_DEV_PHASE}.{CLOUD_ENVIRONMENT}
cortellis-deals-analytics-api,clarivate.com,/,"/api/cortellis/cortellisdealsanalyticsapi",null,false,eureka-router||jwt||url-replace,cortellisdealsanalyticsapi.cortellis.{CLOUD_DEV_PHASE}.{CLOUD_ENVIRONMENT}
profile-v-two-api,clarivate.com,/,"/api/v2users/.*/media/image"||"/api/v2users/user/[a-fA-F0-9-]+$",null,false,cors||eureka-router||url-replace,1pprofile.{CLOUD_STACK}.{CLOUD_DEV_PHASE}.{CLOUD_ENVIRONMENT}
journal-profile-internal-api,clarivate.com,/,"/internal/api/jprof/public",null,false,eureka-router||url-replace,journalprofile.scholarone.{CLOUD_DEV_PHASE}.{CLOUD_ENVIRONMENT}
wat-frontend,clarivate.com,/,"/author",null,true,eureka-router,watfrontend.{CLOUD_STACK}.{CLOUD_DEV_PHASE}.{CLOUD_ENVIRONMENT}
cddi-storage-2,clarivate.com,/,"/api/cddi/storage",null,true,eureka-router||jwt,cddistorage.cddi.{CLOUD_DEV_PHASE}.{CLOUD_ENVIRONMENT}
wos-nx-category-typeahead,clarivate.com,/,"/api/wosnx/suggestcgr",null,true,eureka-router,wosnxcategorytypeahead.{CLOUD_STACK}.{CLOUD_DEV_PHASE}.{CLOUD_ENVIRONMENT}
enwservicesoauth,enwservices-int.isinet.com,/enwservices/api/v1/rest,"/api/endnote/v1",null,true,acl||cors||custom-key-headers||oauth2||rate-limiting,null
cddi-table-api-2,clarivate.com,/,"/api/cddi/counts"||"/api/cddi/ids"||"/api/cddi/table",null,false,eureka-router||jwt||url-replace,cdditable.cddi.{CLOUD_DEV_PHASE}.{CLOUD_ENVIRONMENT}
bridgeclient-api,clarivate.com,/,"/api/bridge",null,false,eureka-router||jwt||url-replace,1pappbridge.{CLOUD_STACK}.{CLOUD_DEV_PHASE}.{CLOUD_ENVIRONMENT}
cortellis-report-app,clarivate.com,/,"/cortellis/report/.*",null,false,eureka-router||url-replace,cortellisreportapp.cortellis.{CLOUD_DEV_PHASE}.{CLOUD_ENVIRONMENT}
entitlement-test,httpbin.org,/demo/all/,"/entitlement-test",null,true,acl||eureka-router||key-auth,1pexampleservice.{CLOUD_STACK}.{CLOUD_DEV_PHASE}.{CLOUD_ENVIRONMENT}
compumark-documents,127.0.0.1,/,"/compumark-documents/api",null,false,acl||cors||custom-key-headers||key-auth||rate-limiting||response-transformer,null
reviewer,clarivate.com,/reviewer/,"/api/reviewer",null,true,acl||custom-key-headers||eureka-router||key-auth,1previewerlocator.{CLOUD_STACK}.{CLOUD_DEV_PHASE}.{CLOUD_ENVIRONMENT}
publicamr,zuulinside-snapshot.dev.oneplatform.build,/,"/api/amr",null,false,acl||custom-key-headers||key-auth||rate-limiting,null
citation-score,clarivate.com,/citationscore,"/api/citationscore",null,true,acl||eureka-router||key-auth,citationconfidence.{CLOUD_STACK}.{CLOUD_DEV_PHASE}.{CLOUD_ENVIRONMENT}
entitlements-internal,clarivate.com,/entitlements/,"/internal/api/entitlements",null,true,eureka-router,1pentitlements.{CLOUD_STACK}.{CLOUD_DEV_PHASE}.{CLOUD_ENVIRONMENT}
cortellis_alert_api,clarivate.com,/,"/api/cortellis/alert",null,false,eureka-router||jwt||url-replace,cortellisalertapi.cortellis.{CLOUD_DEV_PHASE}.{CLOUD_ENVIRONMENT}
