draiopFrontendPreFilter,/dra||/dra/.*,/dra,/,null,false,null,NOVALIDATE,null,DRAIOP_FRONTEND,draiopgui.${archaius.deployment.stack}.${archaius.deployment.subenvironment}.${archaius.deployment.environment}
wosuiPreFilter,/sqc.*,/sqc,/,null,false,null,NOVALIDATE,null,WOS_UI,wosui.wos.${archaius.deployment.subenvironment}.${archaius.deployment.environment}
bridgeService,/api/bridge.*,null,/bridge,null,false,null,AUTH,null,BRIDGECLIENT,1pappbridge.${archaius.deployment.stack}.${archaius.deployment.subenvironment}.${archaius.deployment.environment}
bridgeServiceTest,null,null,/bridge,null,false,null,AUTH,null,BRIDGECLIENT_TEST,1pappbridgetest.${archaius.deployment.stack}.${archaius.deployment.subenvironment}.${archaius.deployment.environment}
wascPreFilter,/wasc.*,/wasc,/,null,false,null,NOVALIDATE,null,WASC,wosalertingscheduler.wos.${archaius.deployment.subenvironment}.${archaius.deployment.environment}
ipaanalyticsPreFilter,/api/ipa/analytics.*,null,/analytics,null,false,null,NOVALIDATE,"IPA_TEST_SKU",IPAANALYTICS,ipaanalytics.${archaius.deployment.stack}.${archaius.deployment.subenvironment}.${archaius.deployment.environment}
ipaanalyticsHealthCheckPreFilter,/api/ipa/healthcheck.*,/api/ipa/healthcheck,/analytics/hello,null,false,null,AUTH:500,"IPA_TEST_SKU",IPAANALYTICS,ipaanalytics.${archaius.deployment.stack}.${archaius.deployment.subenvironment}.${archaius.deployment.environment}
experiment,/api/experiment.*,null,/experiment,null,false,null,NOAUTH,null,EXP,1pexp.${archaius.deployment.stack}.${archaius.deployment.subenvironment}.${archaius.deployment.environment}
draTdEntityAggregationsPreFilter,/api/dra/analytics/aggregations.*,null,/aggregations,null,false,null,AUTH,"DRA_DRUG_DESIGN"||"DRA_TARGET_DRUG",DRATDENTITY,dratdentity.dra.${archaius.deployment.subenvironment}.${archaius.deployment.environment}
draTdEntityRelatedEntitiesPreFilter,/api/dra/analytics/related/entities.*,null,/related/entities,null,false,null,AUTH,"DRA_DRUG_DESIGN"||"DRA_TARGET_DRUG",DRATDENTITY,dratdentity.dra.${archaius.deployment.subenvironment}.${archaius.deployment.environment}
draTdEntityGraphicPreFilter,/api/dra/analytics/graphic.*,null,/graphic,null,false,null,AUTH,"DRA_DRUG_DESIGN"||"DRA_TARGET_DRUG",DRATDENTITY,dratdentity.dra.${archaius.deployment.subenvironment}.${archaius.deployment.environment}
draTdEntityDecoratorPreFilter,/api/dra/analytics/entity/decorator.*,null,/entity/decorator,null,false,null,AUTH,"DRA_DRUG_DESIGN"||"DRA_TARGET_DRUG",DRATDENTITY,dratdentity.dra.${archaius.deployment.subenvironment}.${archaius.deployment.environment}
draTdHealthCheckPreFilter,/api/dra-td/healthcheck.*,null,/healthcheck,null,false,null,AUTH,"DRA_DRUG_DESIGN"||"DRA_TARGET_DRUG",DRATDENTITY,dratdentity.dra.${archaius.deployment.subenvironment}.${archaius.deployment.environment}
cortellisconfigurationapiPreFilter,/api/configtestget.*,null,/configtestget,null,false,null,NOVALIDATE,null,CORTELLISCONFIGURATIONAPI,cortellisconfigurationapi.cortellis.${archaius.deployment.subenvironment}.${archaius.deployment.environment}
configLandingPageHeaderPreFilter,/api/featureConfig.*,null,/featureConfig,null,false,null,NOVALIDATE,null,CORTELLISCONFIGURATIONAPI,cortellisconfigurationapi.cortellis.${archaius.deployment.subenvironment}.${archaius.deployment.environment}
landingPageHeaderConfigPreFilter,/api/landingPageHeaderConfig.*,null,/landingPageHeaderConfig,null,false,null,NOVALIDATE,null,CORTELLISCONFIGURATIONAPI,cortellisconfigurationapi.cortellis.${archaius.deployment.subenvironment}.${archaius.deployment.environment}
landingPageToolsConfigPreFilter,/api/configLandingPageTools.*,null,/configLandingPageTools,null,false,null,NOVALIDATE,null,CORTELLISCONFIGURATIONAPI,cortellisconfigurationapi.cortellis.${archaius.deployment.subenvironment}.${archaius.deployment.environment}
landingPageConfigFilter,/api/configEiddo.*,null,/configEiddo,null,false,null,NOVALIDATE,null,CORTELLISCONFIGURATIONAPI,cortellisconfigurationapi.cortellis.${archaius.deployment.subenvironment}.${archaius.deployment.environment}
landingPageAdvSearchFilter,/api/riAdvancedSearch.*,null,/riAdvancedSearch,null,false,null,NOVALIDATE,null,CORTELLISCONFIGURATIONAPI,cortellisconfigurationapi.cortellis.${archaius.deployment.subenvironment}.${archaius.deployment.environment}
cortellistestPreFilter,/api/testNew.*,null,/testNew,null,false,null,NOVALIDATE,null,CORTELLISCONFIGURATIONAPI,cortellisconfigurationapi.cortellis.${archaius.deployment.subenvironment}.${archaius.deployment.environment}
cortellisConfigurationPreFilter,/api/cortellis/configuration.*,/api/cortellis/configuration,/cortellisconfigurationapi,null,false,null,AUTH,null,CORTELLISCONFIGURATIONAPI,cortellisconfigurationapi.cortellis.${archaius.deployment.subenvironment}.${archaius.deployment.environment}
s1suggestPreFilter,/api/s1/suggest.*,null,/s1/suggest,null,false,null,NOAUTH,null,S1SUGGEST,s1ringgoldtypeahead.${archaius.deployment.stack}.${archaius.deployment.subenvironment}.${archaius.deployment.environment}
enwServices,/api/enwservices.*,/api/enwservices,/enwservices,null,false,null,NOVALIDATE,null,ENW_SERVICE,null
notify,/api/notify/.*,null,/notify,null,false,null,AUTH,null,NOTIFY,1pnotify.${archaius.deployment.stack}.${archaius.deployment.subenvironment}.${archaius.deployment.environment}
zuulStatsPreFilter,/api/zuulStats.*,null,/zuulStats,null,false,null,null,null,null,null
mapResolverPreFilter,/api/mapResolver.*,null,/mapResolver,null,false,null,null,null,null,null
mapsResolverPreFilter,/api/mapsResolver.*,null,/mapsResolver,null,false,null,null,null,null,null
errorObservabilityStatsPreFilter,/api/errorStats.*,null,/errorStats,null,false,null,null,null,null,null
cleanCachePreFilter,/api/cacheClean.*,null,/cacheClean,null,false,null,null,null,null,null
wuiPreFilter,/wui.*,/wui,/,null,false,null,NOVALIDATE,null,WUI_SEED,wuiseed.${archaius.deployment.stack}.${archaius.deployment.subenvironment}.${archaius.deployment.environment}
kpaGuiPreFilter,/kpa.*,/kpa,/kpa,null,false,null,PASSTHRU,null,KPA_FRONTEND,kpagui.${archaius.deployment.stack}.${archaius.deployment.subenvironment}.${archaius.deployment.environment}
kpaGuiFb1PreFilter,/kpa.*,/kpa.*,/kpa,dev-snapshot-fb1.1p.thomsonreuters.com,false,null,PASSTHRU,null,KPA_FRONTEND_FB1,kpaguif1.${archaius.deployment.stack}.${archaius.deployment.subenvironment}.${archaius.deployment.environment}
kpaGuiFb2PreFilter,/kpa.*,/kpa.*,/kpa,dev-snapshot-fb2.1p.thomsonreuters.com,false,null,PASSTHRU,null,KPA_FRONTEND_FB2,kpaguif2.${archaius.deployment.stack}.${archaius.deployment.subenvironment}.${archaius.deployment.environment}
kpaGuiFb3PreFilter,/kpa.*,/kpa.*,/kpa,dev-snapshot-fb3.1p.thomsonreuters.com,false,null,PASSTHRU,null,KPA_FRONTEND_FB3,kpaguif3.${archaius.deployment.stack}.${archaius.deployment.subenvironment}.${archaius.deployment.environment}
kpaGuiFb4PreFilter,/kpa.*,/kpa.*,/kpa,dev-snapshot-fb4.1p.thomsonreuters.com,false,null,PASSTHRU,null,KPA_FRONTEND_FB4,kpaguif4.${archaius.deployment.stack}.${archaius.deployment.subenvironment}.${archaius.deployment.environment}
kpaGuiFb5PreFilter,/kpa.*,/kpa.*,/kpa,dev-snapshot-fb5.1p.thomsonreuters.com,false,null,PASSTHRU,null,KPA_FRONTEND_FB5,kpaguif5.${archaius.deployment.stack}.${archaius.deployment.subenvironment}.${archaius.deployment.environment}
kpaGuiFb6PreFilter,/kpa.*,/kpa.*,/kpa,dev-snapshot-fb6.1p.thomsonreuters.com,false,null,PASSTHRU,null,KPA_FRONTEND_FB6,kpaguif6.${archaius.deployment.stack}.${archaius.deployment.subenvironment}.${archaius.deployment.environment}
profileSearchPreFilter,/api/profilesearch.*,/api/profilesearch,/search,null,false,null,AUTH,null,PROFILESEARCH,1pprofilesearch.${archaius.deployment.stack}.${archaius.deployment.subenvironment}.${archaius.deployment.environment}
1pchemistryPreFilter,/api/chemistry/igr.*,/api/chemistry/igr,/,null,false,null,NOVALIDATE,null,1PCHEMISTRY,1pchemistry.${archaius.deployment.stack}.${archaius.deployment.subenvironment}.${archaius.deployment.environment}
mwsAccess,/api/mws.*,/api/mws,/esti/json,null,false,null,PASSTHRU,null,WOS_MWS_CLIENT,null
wosNxSessionServiceINT,null,null,null,null,false,null,null,null,null,null
cgiCstPreFilter,/api/generics/cst.*,/api/generics,/,null,false,null,AUTH,"CGI_GLOBAL"||"CGI_PREMIUM"||"CGI_SOURCING"||"CGI_TST",CGI_CST,npcst.newport.${archaius.deployment.subenvironment}.${archaius.deployment.environment}
aaaPreFilter,/aaa.*,/aaa,/,null,true,null,NOVALIDATE,null,ALERTS_ADMIN,alertsadmin.${archaius.deployment.stack}.${archaius.deployment.subenvironment}.${archaius.deployment.environment}
watchlistV2PreListsAuth,/api/containers.*,null,/containers,null,false,null,AUTH,null,WATCHV2,1pwatchlistra.${archaius.deployment.stack}.${archaius.deployment.subenvironment}.${archaius.deployment.environment}
drasdfexportPreFilter,/api/dra/export/sdf,/api/dra/export/sdf,/export/sdf,null,false,null,NOVALIDATE,null,DRASDFEXPORT,drasdfexport.${archaius.deployment.stack}.${archaius.deployment.subenvironment}.${archaius.deployment.environment}
matchingService,/api/match/.*,null,/match,null,false,null,NOVALIDATE,null,MATCHING,matchingservice.${archaius.deployment.stack}.${archaius.deployment.subenvironment}.${archaius.deployment.environment}
pubmatchingService,/api/pubmatch/.*,null,/pubmatch,null,false,null,NOVALIDATE,null,MATCHING,matchingservice.${archaius.deployment.stack}.${archaius.deployment.subenvironment}.${archaius.deployment.environment}
wosAuthorRecommend,/api/author/.*,null,/author,null,false,null,NOVALIDATE,null,WOSAUTHORRECOMMEND,wosauthorrecommend.${archaius.deployment.stack}.${archaius.deployment.subenvironment}.${archaius.deployment.environment}
wosAuthorRecommendForWoSRRC,/api/rrc/author/.*,null,/author,null,false,"wosRRCSessionService",NOVALIDATE,null,WOSAUTHORRECOMMEND,wosauthorrecommend.${archaius.deployment.stack}.${archaius.deployment.subenvironment}.${archaius.deployment.environment}
wosAuthorRecommendFromWoS,/api/wos/author/.*,null,/author,null,false,"wosSessionService",NOVALIDATE,null,WOSAUTHORRECOMMEND,wosauthorrecommend.${archaius.deployment.stack}.${archaius.deployment.subenvironment}.${archaius.deployment.environment}
wosAuthorRecommendForCuration,/api/curation/author/.*,null,/author,null,false,null,NOAUTH,null,WOSAUTHORRECOMMEND,wosauthorrecommend.${archaius.deployment.stack}.${archaius.deployment.subenvironment}.${archaius.deployment.environment}
cddiAnalyticsCountsPreFilter,/api/cddi/analytics/counts.*,null,/counts,null,false,null,AUTH,"CDDI_CDDI",CDDIANALYTICS,CDDIANALYTICS.${archaius.deployment.stack}.${archaius.deployment.subenvironment}.${archaius.deployment.environment}
cddiAnalyticsCalculationsPreFilter,/api/cddi/analytics/calculations.*,null,/calculations,null,false,null,AUTH,"CDDI_CDDI",CDDIANALYTICS,CDDIANALYTICS.${archaius.deployment.stack}.${archaius.deployment.subenvironment}.${archaius.deployment.environment}
cddiAnalyticsFilterByValueRangePreFilter,/api/cddi/analytics/range/filter.*,null,/range/filter,null,false,null,AUTH,"CDDI_CDDI",CDDIANALYTICS,CDDIANALYTICS.${archaius.deployment.stack}.${archaius.deployment.subenvironment}.${archaius.deployment.environment}
brsIncrementalIndex,/api/brs/.*,null,/brs,null,false,null,NOVALIDATE,null,BRSINCREMENTALINDEX,brsincrementalindex.${archaius.deployment.stack}.${archaius.deployment.subenvironment}.${archaius.deployment.environment}
frontendPreFilter,/.*,/.*,/,dev-snapshot.1p.thomsonreuters.com,false,null,NOVALIDATE,null,1P_APP_BROKER,1pappbroker.${archaius.deployment.stack}.${archaius.deployment.subenvironment}.${archaius.deployment.environment}
AuthMicroSiteFb1PreFilter,/.*,/.*,/,access.dev-snapshot-fb1.clarivate.com||apps.dev-snapshot-fb2.clarivate.com,false,null,NOVALIDATE,null,1P_MICROUI_LOGIN_FB1,1pmicrouiloginfb1.${archaius.deployment.stack}.${archaius.deployment.subenvironment}.${archaius.deployment.environment}
AuthMicroSiteFb2LoginPreFilter,null,/,/,null,false,null,NOVALIDATE,null,1P_MICROUI_LOGIN_FB2,1pmicrouiloginfb2.${archaius.deployment.stack}.${archaius.deployment.subenvironment}.${archaius.deployment.environment}
frontendFb2PreFilter,null,/,/,null,false,null,NOVALIDATE,null,1P_FRONTEND_FB2,1pfrontendfb2.${archaius.deployment.stack}.${archaius.deployment.subenvironment}.${archaius.deployment.environment}
frontendFb3PreFilter,/.*,/.*,/,dev-snapshot-fb3.1p.thomsonreuters.com,false,null,NOVALIDATE,null,1P_FRONTEND_FB3,1pfrontendfb3.${archaius.deployment.stack}.${archaius.deployment.subenvironment}.${archaius.deployment.environment}
frontendFb4PreFilter,/.*,/.*,/,dev-snapshot-fb4.1p.thomsonreuters.com,false,null,NOVALIDATE,null,1P_FRONTEND_FB4,1pfrontendfb4.${archaius.deployment.stack}.${archaius.deployment.subenvironment}.${archaius.deployment.environment}
frontendFb5PreFilter,/.*,/.*,/,dev-snapshot-fb5.1p.thomsonreuters.com,false,null,NOVALIDATE,null,1P_FRONTEND_FB5,1pfrontendfb5.${archaius.deployment.stack}.${archaius.deployment.subenvironment}.${archaius.deployment.environment}
frontendFb6PreFilter,/.*,/.*,/,dev-snapshot-fb6.1p.thomsonreuters.com,false,null,NOVALIDATE,null,1P_FRONTEND_FB6,1pfrontendfb6.${archaius.deployment.stack}.${archaius.deployment.subenvironment}.${archaius.deployment.environment}
AuthMicroSitePreFilter,/.*,/.*,/,iam-snapshot.dev.oneplatform.build,false,null,NOVALIDATE,null,1P_MICROUI_LOGIN,1pmicrouilogin.${archaius.deployment.stack}.${archaius.deployment.subenvironment}.${archaius.deployment.environment}
AuthMicroSiteNgxPreFilter,/.*,/.*,/,fb1.apps.dev-snapshot.clarivate.com,false,null,NOVALIDATE,null,1P_MICROUI_LOGIN_NGX,1pmicrouiloginngx.${archaius.deployment.stack}.${archaius.deployment.subenvironment}.${archaius.deployment.environment}
accountUIPreFilter,/account.*,/account.*,/,apps.dev-snapshot.clarivate.com||fb1.apps.dev-snapshot.clarivate.com,false,null,NOVALIDATE,null,1P_MICROUI_ACCOUNT,1pmicrouiaccount.${archaius.deployment.stack}.${archaius.deployment.subenvironment}.${archaius.deployment.environment}
searchV3PreFilter,/api/search/v3.*,/api/search/v3,/,null,false,null,NOVALIDATE,null,1PSEARCHV3,1psearchv3.${archaius.deployment.stack}.${archaius.deployment.subenvironment}.${archaius.deployment.environment}
exampleService,/api/example_service.*||/api/test8_example_service.*||/api/test9_example_service.*,/api/example_service,/,null,false,"eurekaTestApiHeaders",PASSTHRU,null,EXAMPLE_SERVICE,1pexampleservice.${archaius.deployment.stack}.${archaius.deployment.subenvironment}.${archaius.deployment.environment}
ipexampleService,/api/ipexample_service.*,/api/ipexample_service,/,null,true,null,NOVALIDATE,null,EXAMPLE_SERVICE,1pexampleservice.${archaius.deployment.stack}.${archaius.deployment.subenvironment}.${archaius.deployment.environment}
authExampleService,/api/auth_example_service.*,/api/auth_example_service,/,null,false,null,AUTH,null,EXAMPLE_SERVICE,1pexampleservice.${archaius.deployment.stack}.${archaius.deployment.subenvironment}.${archaius.deployment.environment}
optionsMethodPreFilter,/api/_alert_email.*||/api/_consumer_application.*||/api/_execute.*||/api/example_service.*,null,/options_method,null,false,null,null,null,null,null
cgiAlertsPreFilter,/api/generics/alerts.*,/api/generics,/,null,false,null,AUTH,"CGI_ALERTS"||"CGI_TST",CGI_ALERTS,npalerts.newport.${archaius.deployment.subenvironment}.${archaius.deployment.environment}
cgiAlertsInnerApiPreFilter,/api/generics/internal/api.*,/api/generics,/,null,false,null,AUTH,"CGI_TST",CGI_ALERTS,npalerts.newport.${archaius.deployment.subenvironment}.${archaius.deployment.environment}
psaPreFilter,/psa.*,/psa,/,null,false,null,NOVALIDATE,null,1P_ADMIN_UI,1padminui.${archaius.deployment.stack}.${archaius.deployment.subenvironment}.${archaius.deployment.environment}
psaFb1PreFilter,null,/psa,/,null,false,null,NOVALIDATE,null,1P_ADMIN_UI_FB1,1padminuifb1.${archaius.deployment.stack}.${archaius.deployment.subenvironment}.${archaius.deployment.environment}
kongProxyPreFilter,/nexgenpsa.*,/,/,null,false,null,null,null,WOSRL_CDX,null
draddapiPreFilter,/api/dra/dd/gui/services.*,null,/,null,false,null,AUTH,"DRA_DRUG_DESIGN",DRADDAPI,draddapi.${archaius.deployment.stack}.${archaius.deployment.subenvironment}.${archaius.deployment.environment}
commonAnalyticsSearchPreFilter,/api/ca/search.*,null,/search,null,false,null,NOVALIDATE,null,1PCOMMONANALYTICS,1pcommonanalytics.${archaius.deployment.stack}.${archaius.deployment.subenvironment}.${archaius.deployment.environment}
commonAnalyticsCollectPreFilter,/api/ca/collect.*,null,/collect,null,false,null,NOVALIDATE,null,1PCOMMONANALYTICS,1pcommonanalytics.${archaius.deployment.stack}.${archaius.deployment.subenvironment}.${archaius.deployment.environment}
commonAnalyticsGetPreFilter,/api/ca/get.*,null,/get,null,false,null,NOVALIDATE,null,1PCOMMONANALYTICS,1pcommonanalytics.${archaius.deployment.stack}.${archaius.deployment.subenvironment}.${archaius.deployment.environment}
commonAnalyticsHitlistPreFilter,/api/ca/hitlist.*,null,/hitlist,null,false,null,NOVALIDATE,null,1PCOMMONANALYTICS,1pcommonanalytics.${archaius.deployment.stack}.${archaius.deployment.subenvironment}.${archaius.deployment.environment}
commonAnalyticsStrlistPreFilter,/api/ca/strlist.*,null,/strlist,null,false,null,NOVALIDATE,null,1PCOMMONANALYTICS,1pcommonanalytics.${archaius.deployment.stack}.${archaius.deployment.subenvironment}.${archaius.deployment.environment}
commonAnalyticsScopePreFilter,/api/ca/scope.*,null,/scope,null,false,null,NOVALIDATE,null,1PCOMMONANALYTICS,1pcommonanalytics.${archaius.deployment.stack}.${archaius.deployment.subenvironment}.${archaius.deployment.environment}
commonAnalyticsIdsPreFilter,/api/ca/ids.*,null,/ids,null,false,null,NOVALIDATE,null,1PCOMMONANALYTICS,1pcommonanalytics.${archaius.deployment.stack}.${archaius.deployment.subenvironment}.${archaius.deployment.environment}
brsSearchDslPreFilter,/api/brssearchdsl/v1.*,/api/brssearchdsl/v1,/,null,false,null,NOVALIDATE,null,BRSSEARCHDSL,brssearchdsl.${archaius.deployment.stack}.${archaius.deployment.subenvironment}.${archaius.deployment.environment}
igrMarketinguiPreFilter,/marketing/drugdiscovery||/marketing/drugdiscovery/.*||/ui/drugdiscovery/marketing||/ui/drugdiscovery/marketing/.*,/,/,null,false,null,NOVALIDATE,null,CDDI_MARKETINGUI,cddimarketingui.integrity.${archaius.deployment.subenvironment}.${archaius.deployment.environment}
igrMarketinguiFb1PreFilter,null,/,/,null,false,null,NOVALIDATE,null,CDDI_MARKETINGUI_FB1,cddimarketinguiFb1.integrity.${archaius.deployment.subenvironment}.${archaius.deployment.environment}
jprofPublicPrefilter,/api/jprof/public.*,/api/jprof/public,/journal-profile/public,null,false,null,NOVALIDATE,null,journalprofile,journalprofile.scholarone.${archaius.deployment.subenvironment}.${archaius.deployment.environment}
jprofRestrictedPrefilter,/api/jprof/restricted.*,/api/jprof/restricted,/journal-profile/restricted,null,false,null,AUTH,null,journalprofile,journalprofile.scholarone.${archaius.deployment.subenvironment}.${archaius.deployment.environment}
drasearchPreFilter,/api/dra/search.*,null,/dra/search,null,false,null,AUTH,"DRA_DRUG_DESIGN"||"DRA_TARGET_DRUG",DRASEARCH,drasearch.${archaius.deployment.stack}.${archaius.deployment.subenvironment}.${archaius.deployment.environment}
drasearchHealthCheckPreFilter,/api/dra/healthcheck.*,null,/healthcheck,null,false,null,AUTH:500,"DRA_DRUG_DESIGN"||"DRA_TARGET_DRUG",DRASEARCH,drasearch.${archaius.deployment.stack}.${archaius.deployment.subenvironment}.${archaius.deployment.environment}
igrfiltersPreFilter,/api/igr/filters.*,null,/filters,null,false,null,AUTH,"CDDI_CDDI",IGRFILTERS,IGRFILTERS.${archaius.deployment.stack}.${archaius.deployment.subenvironment}.${archaius.deployment.environment}
incitesPreFilter,api/incites.*,null,/incites,null,false,null,NOAUTH,null,incitesAdapter,INCITESRESTADAPTER.${archaius.deployment.stack}.${archaius.deployment.subenvironment}.${archaius.deployment.environment}
censubuiPreFilter,/censub.*,/censub,/,null,false,null,NOVALIDATE,null,CENSUB_FRONTEND,censubui.scholarone.${archaius.deployment.subenvironment}.${archaius.deployment.environment}
mjlbetauiPreFilter,/mjl-beta.*,/mjl-beta,/,null,false,null,NOVALIDATE,null,CENSUB_FRONTEND,censubui.scholarone.${archaius.deployment.subenvironment}.${archaius.deployment.environment}
communityPreFilter,/cmty.*,/cmty,/,null,false,null,NOVALIDATE,null,1P_FRONTEND,1pfrontend.${archaius.deployment.stack}.${archaius.deployment.subenvironment}.${archaius.deployment.environment}
communityFb6PreFilter,null,/cmty,/,null,false,null,NOVALIDATE,null,1P_FRONTEND_FB6,1pfrontendfb6.${archaius.deployment.stack}.${archaius.deployment.subenvironment}.${archaius.deployment.environment}
urlRedirectionPreFilter,/cmty.*,/cmty.*,/,dev-snapshot.1p.thomsonreuters.com,false,null,NOVALIDATE,null,1P_APP_BROKER,1pappbroker.${archaius.deployment.stack}.${archaius.deployment.subenvironment}.${archaius.deployment.environment}
wppDataServicePreFilter,/api/wpp/.*,/api/wpp,/,null,false,null,AUTH,null,WPP_DATA_SERVICE,publisherportaldataservice.scholarone.${archaius.deployment.subenvironment}.${archaius.deployment.environment}
commonAnalyticsIncitesSearchPreFilter,/api/ca-incites/search.*,null,/search,null,false,null,NOVALIDATE,null,1PCOMMONANALYTICSINCITES,1pcommonanalyticsincites.${archaius.deployment.stack}.${archaius.deployment.subenvironment}.${archaius.deployment.environment}
commonAnalyticsIncitesXrpcPreFilter,/api/ca-incites/xrpc.*,null,/xrpc,null,false,null,NOVALIDATE,null,1PCOMMONANALYTICSINCITES,1pcommonanalyticsincites.${archaius.deployment.stack}.${archaius.deployment.subenvironment}.${archaius.deployment.environment}
commonAnalyticsIncitesCollectPreFilter,/api/ca-incites/collect.*,null,/collect,null,false,null,NOVALIDATE,null,1PCOMMONANALYTICSINCITES,1pcommonanalyticsincites.${archaius.deployment.stack}.${archaius.deployment.subenvironment}.${archaius.deployment.environment}
commonAnalyticsIncitesGetPreFilter,/api/ca-incites/get.*,null,/get,null,false,null,NOVALIDATE,null,1PCOMMONANALYTICSINCITES,1pcommonanalyticsincites.${archaius.deployment.stack}.${archaius.deployment.subenvironment}.${archaius.deployment.environment}
commonAnalyticsIncitesScopePreFilter,/api/ca-incites/scope.*,null,/scope,null,false,null,NOVALIDATE,null,1PCOMMONANALYTICSINCITES,1pcommonanalyticsincites.${archaius.deployment.stack}.${archaius.deployment.subenvironment}.${archaius.deployment.environment}
cmcapiPreFilter,/api/cmc/services.*,null,/,null,false,null,AUTH,"CMC_BIO_REG"||"CMC_REG",CMCAPI,cmcapi.${archaius.deployment.stack}.${archaius.deployment.subenvironment}.${archaius.deployment.environment}
decoratorService,/api/decorator/.*,null,/decorator,null,false,null,AUTH,null,DECORATOR,1pdecorator.${archaius.deployment.stack}.${archaius.deployment.subenvironment}.${archaius.deployment.environment}
decoratorEntService,/api/decoratorent/.*,api/decoratorent,/decorator,null,false,null,AUTH,"DRA_DRUG_DESIGN"||"DRA_TARGET_DRUG",DECORATOR,1pdecorator.${archaius.deployment.stack}.${archaius.deployment.subenvironment}.${archaius.deployment.environment}
decoratorSageService,/api/decorator/.*,/api/decorator/.*,/decorator,null,false,null,AUTH,null,DECORATORSAGE,1pdecoratorsage.${archaius.deployment.stack}.${archaius.deployment.subenvironment}.${archaius.deployment.environment}
draddFrontendPreFilter,/dra-dd.*,/dra-dd,/,null,false,null,NOVALIDATE,null,DRADD_FRONTEND,draddgui.${archaius.deployment.stack}.${archaius.deployment.subenvironment}.${archaius.deployment.environment}
iipEdgeExportPdfPreFilter,/api/iipexport/.*,null,/iipexport,null,false,"inCitesSessionService",NOVALIDATE,null,IIP_EDGE_EXPORT_PDF,iipedgeexportpdf.${archaius.deployment.stack}.${archaius.deployment.subenvironment}.${archaius.deployment.environment}
igrTypeaheadPreFilter,/api/igr/suggest.*,/api/igr/suggest,/suggest,null,false,null,AUTH,"CDDI_CDDI",IGRTYPEAHEAD,igrtypeahead.${archaius.deployment.stack}.${archaius.deployment.subenvironment}.${archaius.deployment.environment}
zuultest,/api/test/.*,null,/test,null,false,null,NOAUTH,null,ZUULTESTSERVICE,zuultestservice.${archaius.deployment.stack}.${archaius.deployment.subenvironment}.${archaius.deployment.environment}
cortellisResultsAppFilter,/cortellis/results/||/cortellis/results/.*,/cortellis/results/,/,null,false,null,NOVALIDATE,null,CORTELLISRESULTSAPP,cortellisresultsapp.cortellis.${archaius.deployment.subenvironment}.${archaius.deployment.environment}
ipafrontendPreFilter,/ipa.*,/ipa,/ipa,null,false,null,NOVALIDATE,null,IPA_FRONTEND,ipafrontend.${archaius.deployment.stack}.${archaius.deployment.subenvironment}.${archaius.deployment.environment}
ipafrontendFb1PreFilter,null,/ipa,/ipa,null,false,null,NOVALIDATE,null,IPA_FRONTEND_FB1,ipafrontendfb1.${archaius.deployment.stack}.${archaius.deployment.subenvironment}.${archaius.deployment.environment}
ipafrontendFb2PreFilter,/ipa.*,/ipa.*,/ipa,dev-snapshot-fb2.1p.thomsonreuters.com,false,null,NOVALIDATE,null,IPA_FRONTEND_FB2,ipafrontendfb2.${archaius.deployment.stack}.${archaius.deployment.subenvironment}.${archaius.deployment.environment}
ipafrontendFb3PreFilter,/ipa.*,/ipa.*,/ipa,dev-snapshot-fb3.1p.thomsonreuters.com,false,null,NOVALIDATE,null,IPA_FRONTEND_FB3,ipafrontendfb3.${archaius.deployment.stack}.${archaius.deployment.subenvironment}.${archaius.deployment.environment}
ipafrontendFb4PreFilter,/ipa.*,/ipa.*,/ipa,dev-snapshot-fb4.1p.thomsonreuters.com,false,null,NOVALIDATE,null,IPA_FRONTEND_FB4,ipafrontendfb4.${archaius.deployment.stack}.${archaius.deployment.subenvironment}.${archaius.deployment.environment}
ipafrontendFb5PreFilter,/ipa.*,/ipa.*,/ipa,dev-snapshot-fb5.1p.thomsonreuters.com,false,null,NOVALIDATE,null,IPA_FRONTEND_FB5,ipafrontendfb5.${archaius.deployment.stack}.${archaius.deployment.subenvironment}.${archaius.deployment.environment}
ipafrontendFb6PreFilter,/ipa.*,/ipa.*,/ipa,dev-snapshot-fb6.1p.thomsonreuters.com,false,null,NOVALIDATE,null,IPA_FRONTEND_FB6,ipafrontendfb6.${archaius.deployment.stack}.${archaius.deployment.subenvironment}.${archaius.deployment.environment}
1pcachePreFilter,/api/cache/igr.*,/api/cache/igr,/,null,false,null,NOVALIDATE,null,1PCACHE,1pcache.${archaius.deployment.stack}.${archaius.deployment.subenvironment}.${archaius.deployment.environment}
geoDuck,/api/geoDuck.*,/api/geoDuck,/,null,false,null,NOVALIDATE,null,1P_GEODUCK,1pgeoduck.${archaius.deployment.stack}.${archaius.deployment.subenvironment}.${archaius.deployment.environment}
rrcCurationFrontendSnapshot,/rrcc.*,/rrcc,/,null,false,null,NOVALIDATE,null,RRCFRONTEND,rrcfrontend.${archaius.deployment.stack}.${archaius.deployment.subenvironment}.${archaius.deployment.environment}
cortellisexportsearchapiPreFilter,/api/cortellis/export.*,/api/cortellis/export,/cortellisexport,null,false,null,AUTH,null,CORTELLISEXPORTSEARCHAPI,cortellisexportsearchapi.cortellis.${archaius.deployment.subenvironment}.${archaius.deployment.environment}
cortellisReportFilter,/cortellis/report/||/cortellis/report/.*||/site-report/||/site-report/.*,/cortellis/report/,/,null,false,null,NOVALIDATE,null,CORTELLISREPORTAPP,cortellisreportapp.cortellis.${archaius.deployment.subenvironment}.${archaius.deployment.environment}
cortellisretrieveapiPreFilter,/api/retrievetestget/.*,null,/retrievetestget,null,false,null,NOVALIDATE,null,CORTELLISRETRIEVEAPI,cortellisretrieveapi.cortellis.${archaius.deployment.subenvironment}.${archaius.deployment.environment}
cortellisRetrieveDataPreFilterForGRCdata,/api/retrievegrcdata.*,null,/retrievegrcdata,null,false,null,NOVALIDATE,null,CORTELLISRETRIEVEAPI,cortellisretrieveapi.cortellis.${archaius.deployment.subenvironment}.${archaius.deployment.environment}
cortellisRetrieveDataPreFilterForIRdata,/api/retrieveirdata.*,null,/retrieveirdata,null,false,null,NOVALIDATE,null,CORTELLISRETRIEVEAPI,cortellisretrieveapi.cortellis.${archaius.deployment.subenvironment}.${archaius.deployment.environment}
cortellisRetrieveDataPreFilterForRSdata,/api/retrieversdata.*,null,/retrieversdata,null,false,null,NOVALIDATE,null,CORTELLISRETRIEVEAPI,cortellisretrieveapi.cortellis.${archaius.deployment.subenvironment}.${archaius.deployment.environment}
cortellisRetrieveDataPreFilterForBrowse,/api/browseRetrieveData.*,null,/browseRetrieveData,null,false,null,NOVALIDATE,null,CORTELLISRETRIEVEAPI,cortellisretrieveapi.cortellis.${archaius.deployment.subenvironment}.${archaius.deployment.environment}
cortellisuserdetailsapiPreFilter,/api/cortellis/userdetails.*,/api/cortellis/userdetails,/cortellisuserdetails,null,false,null,AUTH,null,CORTELLISUSERDETAILSAPI,cortellisuserdetailsapi.cortellis.${archaius.deployment.subenvironment}.${archaius.deployment.environment}
preferencesService,/api/preferences.*,null,/preferences,null,false,null,NOAUTH,null,PREFERENCES,1ppreferences.${archaius.deployment.stack}.${archaius.deployment.subenvironment}.${archaius.deployment.environment}
claimingService,/api/claiming.*,null,/claiming,null,false,null,AUTH,null,CLAIMING,1pclaiming.${archaius.deployment.stack}.${archaius.deployment.subenvironment}.${archaius.deployment.environment}
wosRRCSessionService,null,null,null,null,false,null,null,null,null,null
wosSessionService,null,null,null,null,false,null,null,null,null,null
tiSearchDslPreFilter,/api/tisearchdsl/v1.*,/api/tisearchdsl/v1,/,null,false,null,NOVALIDATE,null,TISEARCHDSL,tisearchdsl.${archaius.deployment.stack}.${archaius.deployment.subenvironment}.${archaius.deployment.environment}
cortellisFrontendFilter,/intelligence/suite||/intelligence/suite/.*,/intelligence/suite,/,null,false,null,NOVALIDATE,null,CORTELLISFRONTEND,cortellisfrontend.cortellis.${archaius.deployment.subenvironment}.${archaius.deployment.environment}
linksGatewayPrefilter,/api/gateway.*,null,/gateway,null,false,null,NOVALIDATE,null,LINKS-GATEWAY,1plinksgateway.${archaius.deployment.stack}.${archaius.deployment.subenvironment}.${archaius.deployment.environment}
iipFrontendPreFilter,/iip.*,/iip,/,null,false,null,NOVALIDATE,null,IIP_FRONTEND,iipfrontend.${archaius.deployment.stack}.${archaius.deployment.subenvironment}.${archaius.deployment.environment}
dratypeaheadPreFilter,/api/dra/suggest.*,null,/suggest,null,false,null,AUTH,"DRA_DRUG_DESIGN"||"DRA_TARGET_DRUG",DRATYPEAHEAD,dratypeahead.dra.${archaius.deployment.subenvironment}.${archaius.deployment.environment}
cortellissearchapiPreFilter,/api/testget/.*,null,/testget,null,false,null,AUTH,null,CORTELLISSEARCHAPI,cortellissearchapi.cortellis.${archaius.deployment.subenvironment}.${archaius.deployment.environment}
cortellisLandingPageConfigPreFilter,/api/fetchLandingPageConfig.*,null,/fetchLandingPageConfig,null,false,null,AUTH,null,CORTELLISSEARCHAPI,cortellissearchapi.cortellis.${archaius.deployment.subenvironment}.${archaius.deployment.environment}
cortellisSearchDataPreFilter,/api/searchdata.*,null,/searchdata,null,false,null,AUTH,null,CORTELLISSEARCHAPI,cortellissearchapi.cortellis.${archaius.deployment.subenvironment}.${archaius.deployment.environment}
landingPageSearchFiltersPreFilter,/api/landingPageSearchFilters.*,null,/landingPageSearchFilters,null,false,null,AUTH,null,CORTELLISSEARCHAPI,cortellissearchapi.cortellis.${archaius.deployment.subenvironment}.${archaius.deployment.environment}
cortellisSearchPreFilter,/api/cortellis/search/.*,null,/cortellissearchapi,null,false,null,AUTH,null,CORTELLISSEARCHAPI,cortellissearchapi.cortellis.${archaius.deployment.subenvironment}.${archaius.deployment.environment}
iparecommendPreFilter,/api/ipa/recommend/.*,null,/recommend,null,false,null,NOVALIDATE,null,IPARECOMMEND,iparecommend.${archaius.deployment.stack}.${archaius.deployment.subenvironment}.${archaius.deployment.environment}
censubPublicPrefilter,/api/censub/public.*,/api/censub/public,/central-submission/public,null,false,null,NOVALIDATE,null,centralsubmission,centralsubmission.scholarone.${archaius.deployment.subenvironment}.${archaius.deployment.environment}
censubRestrictedPrefilter,/api/censub/restricted.*,/api/censub/restricted,/central-submission/restricted,null,false,null,AUTH,null,centralsubmission,centralsubmission.scholarone.${archaius.deployment.subenvironment}.${archaius.deployment.environment}
iipEdgePreFilter,/api/iip/.*,null,/iip,null,false,"inCitesSessionService",NOVALIDATE,null,IIP_EDGE,iipedge.${archaius.deployment.stack}.${archaius.deployment.subenvironment}.${archaius.deployment.environment}
suggestPreFilter,/api/suggest.*,null,/suggest,null,false,null,NOAUTH,null,SUGGEST,1ptypeahead.${archaius.deployment.stack}.${archaius.deployment.subenvironment}.${archaius.deployment.environment}
suggestSagePreFilter,/api/suggest.*,/api/suggest.*,/suggest,null,false,null,NOAUTH,null,SAGESUGGEST,1ptypeaheadsage.${archaius.deployment.stack}.${archaius.deployment.subenvironment}.${archaius.deployment.environment}
draTdScorePreFilter,/api/dra-td/score.*,null,/score,null,false,null,AUTH,"DRA_DRUG_DESIGN"||"DRA_TARGET_DRUG",DRATDSCORE,dratdscore.dra.${archaius.deployment.subenvironment}.${archaius.deployment.environment}
alertsLambda,/api/cmc/alerts/kmp.*,null,/alerts/kmp,null,false,null,null,null,CMC_ALERTS_LAMBDA,null
notifyv2,/api/notifyv2/.*,/api/notifyv2,/notify,null,false,null,NOVALIDATE,null,NOTIFYV2,1pnotifyv2.${archaius.deployment.stack}.${archaius.deployment.subenvironment}.${archaius.deployment.environment}
searchV4PreFilter,/api/search/v4.*,/api/search/v4,/,null,false,null,NOVALIDATE,null,1PSEARCHV4,1psearchv4.${archaius.deployment.stack}.${archaius.deployment.subenvironment}.${archaius.deployment.environment}
userProfileService,/api/users/user.*,null,/users/user,null,false,null,AUTH,null,PROFILE,1pprofile.${archaius.deployment.stack}.${archaius.deployment.subenvironment}.${archaius.deployment.environment}
userProfileBatchService,/api/users/list.*,null,/users/list,null,false,null,NOAUTH,null,PROFILE,1pprofile.${archaius.deployment.stack}.${archaius.deployment.subenvironment}.${archaius.deployment.environment}
jhexampleservice,/api/jhexampleservice.*,/api/jhexampleservice,/,null,false,null,PASSTHRU,null,JHEXAMPLE_SERVICE,jhexampleservice.${archaius.deployment.stack}.${archaius.deployment.subenvironment}.${archaius.deployment.environment}
cdditablePreFilter,/api/cddi/table.*,null,/table,null,false,null,AUTH,"CDDI_CDDI",CDDITABLE,CDDITABLE.${archaius.deployment.stack}.${archaius.deployment.subenvironment}.${archaius.deployment.environment}
cdditableCountsPreFilter,/api/cddi/counts.*,null,/counts,null,false,null,AUTH,"CDDI_CDDI",CDDITABLE,CDDITABLE.${archaius.deployment.stack}.${archaius.deployment.subenvironment}.${archaius.deployment.environment}
cdditableIdsPreFilter,/api/cddi/ids.*,null,/ids,null,false,null,AUTH,"CDDI_CDDI",CDDITABLE,CDDITABLE.${archaius.deployment.stack}.${archaius.deployment.subenvironment}.${archaius.deployment.environment}
cmcguiPreFilter,/cmc||/cmc/.*,/cmc,/,null,false,null,NOVALIDATE,null,CMC_GUI,cmcgui.${archaius.deployment.stack}.${archaius.deployment.subenvironment}.${archaius.deployment.environment}
testLambda,/api/lambda/HelloWorld.*,null,/HelloWorld,null,false,null,null,null,LAMBDA_HELLO,null
testLambdaInfo,/api/lambda/HelloWorldInfo.*,null,/HelloWorldInfo,null,false,null,null,null,LAMBDA_HELLO_INFO,null
AuthRouterFilter,null,null,null,null,false,null,null,null,null,null
cortellisalertapiPreFilter,/api/cortellis/alert.*,/api/cortellis/alert,/cortellisalert,null,false,null,AUTH,null,CORTELLISALERTAPI,cortellisalertapi.cortellis.${archaius.deployment.subenvironment}.${archaius.deployment.environment}
ipaSearchDslPreFilter,/api/ipasearchdsl/v1.*,/api/ipasearchdsl/v1,/,null,false,null,NOVALIDATE,null,IPASEARCHDSL,ipasearchdsl.${archaius.deployment.stack}.${archaius.deployment.subenvironment}.${archaius.deployment.environment}
cortellisautocompleteapiPreFilter,/api/cortellis/autocomplete.*,/api/cortellis/autocomplete,/cortellisautocomplete,null,false,null,AUTH,null,CORTELLISAUTOCOMPLETEAPI,cortellisautocompleteapi.cortellis.${archaius.deployment.subenvironment}.${archaius.deployment.environment}
sendResponseFilter,.*,null,null,null,false,null,null,null,null,null
sendErrorFilter,.*,null,null,null,false,null,null,null,null,null
wosSearchAidsFilter,/api/searchaids.*,null,/searchaids,null,false,null,NOVALIDATE,null,wosSearchAidsClient,wossearchaids.${archaius.deployment.stack}.${archaius.deployment.subenvironment}.${archaius.deployment.environment}
profileAuthPreFilter,/api/profile/user.*,null,/profile/user,null,false,"CORSHeadersFilter",AUTH,null,PROFILES,1pprofiles.${archaius.deployment.stack}.${archaius.deployment.subenvironment}.${archaius.deployment.environment}
optionsPreFilter,/api/entitlements.*||/api/groups.*||/api/profile/user.*,null,/options_method,null,false,null,null,null,null,null
sagemakerservice,/api/sagemaker/.*,null,/sagemaker,null,false,null,NOVALIDATE,null,SAGEMAKER,sagemakerservice.${archaius.deployment.stack}.${archaius.deployment.subenvironment}.${archaius.deployment.environment}
searchDslPreFilter,/api/searchdsl/v1.*,/api/searchdsl/v1,/,null,false,null,NOVALIDATE,null,1PSEARCHDSL,1psearchdsl.${archaius.deployment.stack}.${archaius.deployment.subenvironment}.${archaius.deployment.environment}
cddifiltersPreFilter,/api/cddi/filters.*,null,/filters,null,false,null,AUTH,"CDDI_CDDI",CDDIFILTERS,CDDIFILTERS.${archaius.deployment.stack}.${archaius.deployment.subenvironment}.${archaius.deployment.environment}
kpaservicesPreFilter,/api/kpa-services/report.*,/api/kpa-services/report,/report,null,false,null,NOAUTH,null,KPASERVICES,kpaservices.${archaius.deployment.stack}.${archaius.deployment.subenvironment}.${archaius.deployment.environment}
igrrelatedContentPreFilter,/api/igr/related-content.*,null,/related-content,null,false,null,AUTH,"CDDI_CDDI",IGRRELATEDCONTENT,IGRRELATEDCONTENT.${archaius.deployment.stack}.${archaius.deployment.subenvironment}.${archaius.deployment.environment}
wosJcrJifAuthPreFilter,/api/jif.*,null,/jif,null,false,"jifSessionService",NOVALIDATE,null,WOSJCRJIF,wosjcrjif.wos.${archaius.deployment.subenvironment}.${archaius.deployment.environment}
wosJcrJifPreFilter,/api/jcr/jif.*,null,/jif,null,false,null,NOVALIDATE,null,WOSJCRJIF,wosjcrjif.wos.${archaius.deployment.subenvironment}.${archaius.deployment.environment}
structuresearchPreFilter,/api/dra/structure/search.*,null,/structure/search,null,false,null,NOVALIDATE,null,STRUCTURESEARCH,1pstructuresearch.${archaius.deployment.stack}.${archaius.deployment.subenvironment}.${archaius.deployment.environment}
1poauthPreFilter,/api/token.*,null,/token,null,false,null,null,null,OAUTH,1poauth.${archaius.deployment.stack}.${archaius.deployment.subenvironment}.${archaius.deployment.environment}
EntitlementPreFilter,/.*,null,null,null,false,null,null,null,null,null
igroverviewPreFilter,/api/igr/overview.*,null,/overview,null,false,null,AUTH,"CDDI_CDDI",IGROVERVIEW,IGROVERVIEW.${archaius.deployment.stack}.${archaius.deployment.subenvironment}.${archaius.deployment.environment}
igroverviewSearchPreFilter,/api/igr/search.*,null,/search,null,false,null,AUTH,"CDDI_CDDI",IGROVERVIEW,IGROVERVIEW.${archaius.deployment.stack}.${archaius.deployment.subenvironment}.${archaius.deployment.environment}
igroverviewFilterPreFilter,/api/igr/filter.*,null,/filter,null,false,null,AUTH,"CDDI_CDDI",IGROVERVIEW,IGROVERVIEW.${archaius.deployment.stack}.${archaius.deployment.subenvironment}.${archaius.deployment.environment}
igroverviewConfigPreFilter,/api/igr/overview/config.*,null,/config,null,false,null,AUTH,"CDDI_CDDI",IGROVERVIEW,IGROVERVIEW.${archaius.deployment.stack}.${archaius.deployment.subenvironment}.${archaius.deployment.environment}
igrsearchPingPreFilter,/api/igr/overview/ping,null,/ping,null,false,null,AUTH,"CDDI_CDDI",IGROVERVIEW,IGROVERVIEW.${archaius.deployment.stack}.${archaius.deployment.subenvironment}.${archaius.deployment.environment}
wosNxAlertingCuration,/api/wos/curation.*,null,/curation,null,false,null,NOVALIDATE,null,WOSNXALERTING,wosnxalerting.wos.${archaius.deployment.subenvironment}.${archaius.deployment.environment}
wosNxAlerting,/api/wos/alerting.*,null,/alerting,null,false,"wosNxSessionServiceINT",NOVALIDATE,null,WOSNXALERTING,wosnxalerting.wos.${archaius.deployment.subenvironment}.${archaius.deployment.environment}
wosNxMjl,/api/wos/mjl.*,null,/mjl,null,false,"wosNxSessionServiceINT",NOVALIDATE,null,WOSNXALERTING,wosnxalerting.wos.${archaius.deployment.subenvironment}.${archaius.deployment.environment}
wosNxShared,/api/wos/session.*,/api/wos/session,/shared/session,null,false,"wosNxSessionServiceINT",NOVALIDATE,null,WOSNXSHARED,wosnxshared.wos.${archaius.deployment.subenvironment}.${archaius.deployment.environment}
wosNxIndic,/api/wos/indic.*,/api/wos/indic,/,null,false,"wosNxSessionServiceINT",NOVALIDATE,null,WOSNXINDIC,wosnxindic.wos.${archaius.deployment.subenvironment}.${archaius.deployment.environment}
wosNxCore,/api/wos/core.*,/api/wos/core,/,null,false,"wosNxSessionServiceINT",NOVALIDATE,null,WOSNXCORE,wosnxcore.wos.${archaius.deployment.subenvironment}.${archaius.deployment.environment}
supportService,/api/support.*,null,/support,null,false,null,NOAUTH,null,SUPPORT,1psupport.${archaius.deployment.stack}.${archaius.deployment.subenvironment}.${archaius.deployment.environment}
exportPreFilter,/api/export/.*,null,/export,null,false,null,NOVALIDATE,null,1PEXPORT,1pexport.${archaius.deployment.stack}.${archaius.deployment.subenvironment}.${archaius.deployment.environment}
wosauthorxformFeedback,/api/feedback.*,null,/feedback,null,false,null,NOVALIDATE,null,WOSAUTHORXFORM,wosauthorxform.${archaius.deployment.stack}.${archaius.deployment.subenvironment}.${archaius.deployment.environment}
wosauthorxformServiceSnapshot,/api/researcher.*,null,/researcher,null,false,null,AUTH,null,WOSAUTHORXFORM,wosauthorxform.${archaius.deployment.stack}.${archaius.deployment.subenvironment}.${archaius.deployment.environment}
wosauthorxformServiceForWoSRRC,/api/rrc/researcher.*,null,/researcher,null,false,"wosRRCSessionService",NOVALIDATE,null,WOSAUTHORXFORM,wosauthorxform.${archaius.deployment.stack}.${archaius.deployment.subenvironment}.${archaius.deployment.environment}
wosauthorxformServiceFromWoS,/api/wos/researcher.*,null,/researcher,null,false,"wosSessionService",NOVALIDATE,null,WOSAUTHORXFORM,wosauthorxform.${archaius.deployment.stack}.${archaius.deployment.subenvironment}.${archaius.deployment.environment}
draTdGuiPreFilter,/dra-td.*,/dra-td,/,null,false,null,NOVALIDATE,null,DRA_TD_GUI,dratdgui.dra.${archaius.deployment.subenvironment}.${archaius.deployment.environment}
draTdGuiFb1PreFilter,/dra-td.*,/dra-td.*,/,dev-snapshot-fb1.1p.thomsonreuters.com,false,null,NOVALIDATE,null,DRA_TD_GUI_FB1,dratdguifb1.${archaius.deployment.stack}.${archaius.deployment.subenvironment}.${archaius.deployment.environment}
draTdGuiFb2PreFilter,/dra-td.*,/dra-td.*,/,dev-snapshot-fb2.1p.thomsonreuters.com,false,null,NOVALIDATE,null,DRA_TD_GUI_FB2,dratdguifb2.${archaius.deployment.stack}.${archaius.deployment.subenvironment}.${archaius.deployment.environment}
draTdGuiFb3PreFilter,/dra-td.*,/dra-td.*,/,dev-snapshot-fb3.1p.thomsonreuters.com,false,null,NOVALIDATE,null,DRA_TD_GUI_FB3,dratdguifb3.${archaius.deployment.stack}.${archaius.deployment.subenvironment}.${archaius.deployment.environment}
draTdGuiFb4PreFilter,/dra-td.*,/dra-td.*,/,dev-snapshot-fb4.1p.thomsonreuters.com,false,null,NOVALIDATE,null,DRA_TD_GUI_FB4,dratdguifb4.${archaius.deployment.stack}.${archaius.deployment.subenvironment}.${archaius.deployment.environment}
draTdGuiFb5PreFilter,/dra-td.*,/dra-td.*,/,dev-snapshot-fb5.1p.thomsonreuters.com,false,null,NOVALIDATE,null,DRA_TD_GUI_FB5,dratdguifb5.${archaius.deployment.stack}.${archaius.deployment.subenvironment}.${archaius.deployment.environment}
draTdGuiFb6PreFilter,/dra-td.*,/dra-td.*,/,dev-snapshot-fb6.1p.thomsonreuters.com,false,null,NOVALIDATE,null,DRA_TD_GUI_FB6,dratdguifb6.${archaius.deployment.stack}.${archaius.deployment.subenvironment}.${archaius.deployment.environment}
cortellisReportFilter,/cortellis/report/||/cortellis/report/.*||/site-report/||/site-report/.*,/site-report/,/,null,false,null,NOVALIDATE,null,CORTELLISREPORTCOMPONENT,cortellisreportcomponent.cortellis.${archaius.deployment.subenvironment}.${archaius.deployment.environment}
wosJcrJifFrontendPreFilter,/jif.*,/jif,/jif,null,false,null,NOVALIDATE,null,WOSJCRJIF_FRONTEND,wosjcrjiffrontend.${archaius.deployment.stack}.${archaius.deployment.subenvironment}.${archaius.deployment.environment}
cddiexportPreFilter,/api/cddi/export.*,null,/export,null,false,null,AUTH,"CDDI_CDDI",CDDIEXPORT,CDDIEXPORT.${archaius.deployment.stack}.${archaius.deployment.subenvironment}.${archaius.deployment.environment}
watFrontendPreFilter,/author.*,/author,/,null,false,null,NOVALIDATE,null,WAT_FRONTEND,watfrontend.${archaius.deployment.stack}.${archaius.deployment.subenvironment}.${archaius.deployment.environment}
cgiGuiPreFilter,/generics.*,/,/,null,false,null,NOVALIDATE,null,CGI_FRONTEND,npcfgui.newport.${archaius.deployment.subenvironment}.${archaius.deployment.environment}
matcherPrefilter,/api/matcher.*,/api/matcher,/matcher,null,false,null,NOVALIDATE,null,1pmanumatcher,1pmanumatcher.${archaius.deployment.stack}.${archaius.deployment.subenvironment}.${archaius.deployment.environment}
entitlements,/api/entitlements.*,null,/entitlements,null,false,"CORSHeadersFilter",AUTH,null,ENT,1PENTITLEMENTS.${archaius.deployment.stack}.${archaius.deployment.subenvironment}.${archaius.deployment.environment}
optionsPreFilter,/api/entitlements.*||/api/groups.*||/api/profile/user.*,null,/options_method,null,false,null,null,null,null,null
igrentityPreFilter,/api/igr/entity.*,null,/entity,null,false,null,AUTH,"CDDI_CDDI",IGRENTITY,IGRENTITY.${archaius.deployment.stack}.${archaius.deployment.subenvironment}.${archaius.deployment.environment}
cortellisDealsLandingComponentFilter,/cortellis/deals/landing/ri||/cortellis/deals/landing/ri/.*,/cortellis/deals/landing/ri,/,null,false,null,NOVALIDATE,null,CORTELLIS_DEALS_LANDING_COMPONENT,cortellisdealslandingcomponent.cortellis.${archaius.deployment.subenvironment}.${archaius.deployment.environment}
draTdExplorationFilter,/api/dra-td/exploration.*,null,/exploration,null,false,null,AUTH,"DRA_DRUG_DESIGN"||"DRA_TARGET_DRUG",DRATDEXPLORATION,dratdexploration.dra.${archaius.deployment.subenvironment}.${archaius.deployment.environment}
wosldFrontEndPreFilter,/wosdashboard.*,/wosdashboard,/,null,false,null,NOVALIDATE,null,WOSLD_FRONTEND,wosldui.wos.${archaius.deployment.subenvironment}.${archaius.deployment.environment}
cddiontologiesPreFilter,/api/cddi/ontologies.*,null,/ontologies,null,false,null,AUTH,"CDDI_CDDI",CDDIONTOLOGIES,CDDIONTOLOGIES.${archaius.deployment.stack}.${archaius.deployment.subenvironment}.${archaius.deployment.environment}
iplabPreFilter,/iplab.*,/iplab,/,null,false,null,NOVALIDATE,null,IPLAB,iplab.${archaius.deployment.stack}.${archaius.deployment.subenvironment}.${archaius.deployment.environment}
containerPreFilter,/api/container/v2/container.*,/api/container/v2/container,/container,null,false,null,AUTH,null,CONTAINER,1pcontainer.${archaius.deployment.stack}.${archaius.deployment.subenvironment}.${archaius.deployment.environment}
containerNoAuthPreFilter,/api/container/v3/container.*,/api/container/v3/container,/container,null,false,null,NOAUTH,null,CONTAINER,1pcontainer.${archaius.deployment.stack}.${archaius.deployment.subenvironment}.${archaius.deployment.environment}
RequestHeaderAndParameterSanitizationFilter,null,null,null,null,false,null,null,null,null,null
linksentPreFilter,/linksent.*,/linksent,/,null,true,null,NOVALIDATE,null,LINKSENT_FRONTEND,1plinksentitlementsui.${archaius.deployment.stack}.${archaius.deployment.subenvironment}.${archaius.deployment.environment}
searchSagePreFilter,/api/search/sage.*,/api/search/sage,/,null,false,null,NOVALIDATE,null,1PSEARCHSAGE,1psearchsage.${archaius.deployment.stack}.${archaius.deployment.subenvironment}.${archaius.deployment.environment}
cortellisLandingComponentFilter,/intelligence/landing||/intelligence/landing/.*,/intelligence/landing,/,null,false,null,NOVALIDATE,null,CORTELLIS_LANDING_COMPONENT,cortellislandingcomponent.cortellis.${archaius.deployment.subenvironment}.${archaius.deployment.environment}
watchlistPreListsAuth,/api/lists/watchlist.*,null,/lists/watchlist,null,false,null,AUTH,null,WATCH,1pcitations.${archaius.deployment.stack}.${archaius.deployment.subenvironment}.${archaius.deployment.environment}
DecorationPreFilter,/.*,null,null,null,false,null,null,null,null,null
corsAuthHeaders,/.*,null,null,null,false,null,null,null,null,null
cortellisResultsFilter,/cortellis/resultscomp/||/cortellis/resultscomp/.*,/cortellis/resultscomp/,/,null,false,null,NOVALIDATE,null,CORTELLISRESULTSCOMPONENT,cortellisresultscomponent.cortellis.${archaius.deployment.subenvironment}.${archaius.deployment.environment}
igrtablePreFilter,/api/igr/table.*,null,/table,null,false,null,AUTH,"CDDI_CDDI",IGRTABLE,IGRTABLE.${archaius.deployment.stack}.${archaius.deployment.subenvironment}.${archaius.deployment.environment}
igrtableExportPreFilter,/api/igr/export.*,null,/export,null,false,null,AUTH,"CDDI_CDDI",IGRTABLE,IGRTABLE.${archaius.deployment.stack}.${archaius.deployment.subenvironment}.${archaius.deployment.environment}
arcMatchingService,/api/arc/.*,null,/arc,null,false,null,NOVALIDATE,null,ARCMATCHING,arcmatchingservice.${archaius.deployment.stack}.${archaius.deployment.subenvironment}.${archaius.deployment.environment}
igralertsPreFilter,/api/igr/alerts.*,/api/igr/alerts,/,null,false,null,AUTH,"CDDI_CDDI",IGRALERTS,IGRALERTS.${archaius.deployment.stack}.${archaius.deployment.subenvironment}.${archaius.deployment.environment}
oauthPreFilter,/api/authorize.*,null,/authorize,null,false,null,null,null,AUTH,1pauth.${archaius.deployment.stack}.${archaius.deployment.subenvironment}.${archaius.deployment.environment}
oauthSocialMergePreFilter,/api/authorize/auth,null,/authorize,null,false,null,AUTH,null,AUTH,1pauth.${archaius.deployment.stack}.${archaius.deployment.subenvironment}.${archaius.deployment.environment}
oauthMergePreFilter,/api/merge.*,/api/merge,/authorize/merge,null,false,null,null,null,AUTH,1pauth.${archaius.deployment.stack}.${archaius.deployment.subenvironment}.${archaius.deployment.environment}
oauthVerifyPreFilter,/api/oauth.*,/api/oauth,/authorize/verify,null,false,null,null,null,AUTH,1pauth.${archaius.deployment.stack}.${archaius.deployment.subenvironment}.${archaius.deployment.environment}
sessionService,/api/session.*,null,/session,null,false,null,NOVALIDATE,null,AUTH,1pauth.${archaius.deployment.stack}.${archaius.deployment.subenvironment}.${archaius.deployment.environment}
registerPreFilter,/api/auth/register,null,/auth/register,null,false,null,NOVALIDATE,null,AUTH,1pauth.${archaius.deployment.stack}.${archaius.deployment.subenvironment}.${archaius.deployment.environment}
registrationPreFilter,/api/registration.*,null,/registration,null,false,null,NOVALIDATE,null,AUTH,1pauth.${archaius.deployment.stack}.${archaius.deployment.subenvironment}.${archaius.deployment.environment}
passwordPreFilter,/api/auth/resetpassword,null,/auth/resetpassword,null,false,null,AUTH,null,AUTH,1pauth.${archaius.deployment.stack}.${archaius.deployment.subenvironment}.${archaius.deployment.environment}
healthCheckPreFilter,/api/auth/healthcheck,null,/healthcheck,null,false,null,AUTH,null,AUTH,1pauth.${archaius.deployment.stack}.${archaius.deployment.subenvironment}.${archaius.deployment.environment}
accountSettingsPreFilter,/api/auth/accountsettings,null,/auth/accountsettings,null,false,null,AUTH,null,AUTH,1pauth.${archaius.deployment.stack}.${archaius.deployment.subenvironment}.${archaius.deployment.environment}
sprefsPrefilter,/api/users/sprefs.*,null,/users/sprefs,null,false,null,AUTH,null,AUTH,1pauth.${archaius.deployment.stack}.${archaius.deployment.subenvironment}.${archaius.deployment.environment}
accountPreFilter,/api/account.*,null,/account,null,false,null,null,null,AUTH,1pauth.${archaius.deployment.stack}.${archaius.deployment.subenvironment}.${archaius.deployment.environment}
accountAuthPreFilter,/api/account/auth.*,null,/account,null,false,null,AUTH,null,AUTH,1pauth.${archaius.deployment.stack}.${archaius.deployment.subenvironment}.${archaius.deployment.environment}
ssoPreFilter,/api/sso.*,null,/sso,null,false,null,null,null,AUTH,1pauth.${archaius.deployment.stack}.${archaius.deployment.subenvironment}.${archaius.deployment.environment}
emailAuthPreFilter,/api/email.*,null,/email,null,false,null,AUTH,null,AUTH,1pauth.${archaius.deployment.stack}.${archaius.deployment.subenvironment}.${archaius.deployment.environment}
emailPreFilter,/api/email/confirm.*,null,/email,null,false,null,null,null,AUTH,1pauth.${archaius.deployment.stack}.${archaius.deployment.subenvironment}.${archaius.deployment.environment}
captchaAuthPreFilter,/api/util/text.*,null,/util/text,null,false,null,PASSTHRU,null,AUTH,1pauth.${archaius.deployment.stack}.${archaius.deployment.subenvironment}.${archaius.deployment.environment}
forgotpasswordPreFilter,/api/account/forgotpassword.*,/api/account/forgotpassword.*,/account,(.*)[.]clarivate.com||(.*)[.]cortellis.cn||(.*)[.]cortellis.com||(.*)[.]derwentinnovation.com||(.*)[.]myendnoteweb.com||(.*)[.]oneplatform.build||(.*)[.]publons.com||(.*)[.]thomson.com||(.*)[.]thomsonreuters.com,false,null,null,null,AUTH,1pauth.${archaius.deployment.stack}.${archaius.deployment.subenvironment}.${archaius.deployment.environment}
auditHistoryAuthPreFilter,/api/audit/history/.*,null,/audit/history,null,false,null,AUTH,null,AUTH,1pauth.${archaius.deployment.stack}.${archaius.deployment.subenvironment}.${archaius.deployment.environment}
groups,/api/groups.*,null,/groups,null,false,"CORSHeadersFilter",NOVALIDATE,null,1P_GROUPS,1pgroups.${archaius.deployment.stack}.${archaius.deployment.subenvironment}.${archaius.deployment.environment}
invites,/api/invites.*,null,/invites,null,false,null,NOVALIDATE,null,1P_GROUPS,1pgroups.${archaius.deployment.stack}.${archaius.deployment.subenvironment}.${archaius.deployment.environment}
optionsPreFilter,/api/entitlements.*||/api/groups.*||/api/profile/user.*,null,/options_method,null,false,null,null,null,null,null
rhwosauthuiPreFilter,/rhwosauth.*,/rhwosauth,/,null,false,null,NOVALIDATE,null,RH_WOSAUTH_UI,rhwosauthui.${archaius.deployment.stack}.${archaius.deployment.subenvironment}.${archaius.deployment.environment}
cortellisAlertFilter,/cortellis/alert/||/cortellis/alert/.*,/cortellis/alert/,/,null,false,null,NOVALIDATE,null,CORTELLISALERTAPP,cortellisalertapp.cortellis.${archaius.deployment.subenvironment}.${archaius.deployment.environment}
followService,/api/follow.*,null,/follow,null,false,null,AUTH,null,FOLLOWING,1pfollow.${archaius.deployment.stack}.${archaius.deployment.subenvironment}.${archaius.deployment.environment}
cgiExportPreFilter,/api/generics/export.*,/api/generics,/,null,false,null,AUTH,"CGI_GLOBAL"||"CGI_PREMIUM"||"CGI_SOURCING"||"CGI_TST",CGI_EXPORT,npexport.newport.${archaius.deployment.subenvironment}.${archaius.deployment.environment}
draMarketinguiPreFilter,/marketing/dratd||/marketing/dratd/.*||/ui/dratd/marketing||/ui/dratd/marketing/.*,/,/,null,false,null,NOVALIDATE,null,DRA_MARKETINGUI,dratdmarketingui.dra.${archaius.deployment.subenvironment}.${archaius.deployment.environment}
jifSessionService,null,null,null,null,false,null,null,null,null,null
alertsLambda2,/api/cmc/alerts2/kmp.*,null,/alerts2/kmp,null,false,null,null,null,CMC_ALERTS_LAMBDA2,null
innovationCloudPreFilter,/5g-sep-analyzer.*||/chemistry-research.*||/examiner-search.*,/,/,null,false,null,null,null,INNOVATION_CLOUD_SERVICE,null
wosrlPrefilter,/wosrl.*,/,/,null,false,null,null,null,WOSRL_CDX,null
userProfilev2Service,/api/v2users.*,/api/v2users,/users,null,false,"CORSHeadersFilter",AUTH,null,PROFILEV2,1pprofile.${archaius.deployment.stack}.${archaius.deployment.subenvironment}.${archaius.deployment.environment}
userProfilev2NoAuthService,/api/v2users/.*/media/image||/api/v2users/user/[a-fA-F0-9-]+$,/api/v2users,/users,null,false,"CORSHeadersFilter",NOVALIDATE,null,PROFILEV2,1pprofile.${archaius.deployment.stack}.${archaius.deployment.subenvironment}.${archaius.deployment.environment}
ccEditorialWsTemplateFilter,/ws_template.*,/ws_template,/,null,false,null,PASSTHRU,null,ws_template,ccEditorialWsTemplate.${archaius.deployment.stack}.${archaius.deployment.subenvironment}.${archaius.deployment.environment}
kongExampleService,/api/kong_example_service.*,/api/kong_example_service,/eureka-test,null,false,"eurekaTestApiHeaders",PASSTHRU,null,KONG_EXAMPLE_SERVICE,null
eurekaTestApiHeaders,null,null,null,null,false,null,null,null,null,null
wppuiPreFilter,/wpp.*,/wpp,/,null,false,null,NOVALIDATE,null,WPP_UI,wppui.scholarone.${archaius.deployment.subenvironment}.${archaius.deployment.environment}
pubportaluiPreFilter,/publisherportal.*,/publisherportal,/,null,false,null,NOVALIDATE,null,WPP_UI,wppui.scholarone.${archaius.deployment.subenvironment}.${archaius.deployment.environment}
dratdguiservicesPreFilter,/api/dra/td/gui/services.*,/api/dra/td,/,null,false,null,AUTH,"DRA_DRUG_DESIGN"||"DRA_TARGET_DRUG",DRATDGUISERVICES,dratdguiservices.dra.${archaius.deployment.subenvironment}.${archaius.deployment.environment}
aaaExecute,/api/_execute.*,null,/_execute,null,true,"CORSHeadersFilter",AUTH,null,ALERTMANAGER,1palertmanager.${archaius.deployment.stack}.${archaius.deployment.subenvironment}.${archaius.deployment.environment}
aaaConsumerApplication,/api/_consumer_application.*,null,/_consumer_application,null,true,"CORSHeadersFilter",AUTH,null,ALERTMANAGER,1palertmanager.${archaius.deployment.stack}.${archaius.deployment.subenvironment}.${archaius.deployment.environment}
aaaAlertEmail,/api/_alert_email.*,null,/_alert_email,null,true,"CORSHeadersFilter",AUTH,null,ALERTMANAGER,1palertmanager.${archaius.deployment.stack}.${archaius.deployment.subenvironment}.${archaius.deployment.environment}
1palertmanagerPreFilter,/alerts.*,null,/alerts,null,false,null,NOVALIDATE,null,ALERTMANAGER,1palertmanager.${archaius.deployment.stack}.${archaius.deployment.subenvironment}.${archaius.deployment.environment}
optionsMethodPreFilter,/api/_alert_email.*||/api/_consumer_application.*||/api/_execute.*||/api/example_service.*,null,/options_method,null,false,null,null,null,null,null
cddiconfigPreFilter,/api/cddi/config.*,null,/config,null,false,null,AUTH,"CDDI_CDDI",CDDICONFIG,CDDICONFIG.${archaius.deployment.stack}.${archaius.deployment.subenvironment}.${archaius.deployment.environment}
clientInfo,/api/clientinfo.*,null,/clientinfo,null,false,null,NOVALIDATE,null,null,null
authClientInfo,/api/auth-clientinfo.*,null,/auth-clientinfo,null,false,null,NOAUTH,null,null,null
mraPublicPrefilter,/api/mra/public.*,/api/mra/public,/public,null,false,null,NOVALIDATE,null,mraservice,mraservice.scholarone.${archaius.deployment.subenvironment}.${archaius.deployment.environment}
mraRestrictedPrefilter,/api/mra/.*,/api/mra,/,null,false,null,AUTH,null,mraservice,mraservice.scholarone.${archaius.deployment.subenvironment}.${archaius.deployment.environment}
links,/api/links.*,null,/links,null,true,null,NOVALIDATE,null,links,woslinks.${archaius.deployment.stack}.${archaius.deployment.subenvironment}.${archaius.deployment.environment}
links-entitlements,/api/links/entitlements.*,null,/entitlements,null,true,null,NOVALIDATE,null,links-entitlements,1plinksentitlements.${archaius.deployment.stack}.${archaius.deployment.subenvironment}.${archaius.deployment.environment}
inCitesSessionService,null,null,null,null,false,null,null,null,null,null
ccauthorshipService,/api/authorship.*,null,/authorship,null,false,null,AUTH,null,AUTHORSHIP,ccauthorshipresolution.${archaius.deployment.stack}.${archaius.deployment.subenvironment}.${archaius.deployment.environment}
ccauthorshipSingleFeedbackService,/api/authorship/feedback/extract/single.*,null,/authorship/feedback/extract/single,null,false,null,NOAUTH,null,AUTHORSHIP,ccauthorshipresolution.${archaius.deployment.stack}.${archaius.deployment.subenvironment}.${archaius.deployment.environment}
ccauthorshipIdsByDateRange,/api/authorship/feedback/extract/ids.*,null,/authorship/feedback/extract/ids,null,false,null,NOAUTH,null,AUTHORSHIP,ccauthorshipresolution.${archaius.deployment.stack}.${archaius.deployment.subenvironment}.${archaius.deployment.environment}
ccauthorshipResolve,/api/authorship/resolve.*,null,/authorship/resolve,null,false,null,NOAUTH,null,AUTHORSHIP,ccauthorshipresolution.${archaius.deployment.stack}.${archaius.deployment.subenvironment}.${archaius.deployment.environment}
modelsPrefilter,/api/models.*,/api/models,/,null,false,null,NOVALIDATE,null,1PMODELS,1pmodels.${archaius.deployment.stack}.${archaius.deployment.subenvironment}.${archaius.deployment.environment}
commentsService,/api/comments.*,null,/comments,null,false,null,AUTH,null,AUTHORING,1pauthoring.${archaius.deployment.stack}.${archaius.deployment.subenvironment}.${archaius.deployment.environment}
commentsSageService,/api/comments.*,/api/comments.*,/comments,null,false,null,AUTH,null,AUTHORINGSAGE,1pauthoringsage.${archaius.deployment.stack}.${archaius.deployment.subenvironment}.${archaius.deployment.environment}
statisticsService,/api/statistics.*,null,/statistics,null,false,null,AUTH,null,AUTHORING,1pauthoring.${archaius.deployment.stack}.${archaius.deployment.subenvironment}.${archaius.deployment.environment}
statisticsSageService,/api/statistics.*,/api/statistics.*,/statistics,null,false,null,AUTH,null,AUTHORINGSAGE,1pauthoringsage.${archaius.deployment.stack}.${archaius.deployment.subenvironment}.${archaius.deployment.environment}
appreciationService,/api/appreciation.*,null,/appreciation,null,false,null,AUTH,null,AUTHORING,1pauthoring.${archaius.deployment.stack}.${archaius.deployment.subenvironment}.${archaius.deployment.environment}
appreciationSageService,/api/appreciation.*,/api/appreciation.*,/appreciation,null,false,null,AUTH,null,AUTHORINGSAGE,1pauthoringsage.${archaius.deployment.stack}.${archaius.deployment.subenvironment}.${archaius.deployment.environment}
reportService,/api/report.*,null,/report,null,false,null,AUTH,null,AUTHORING,1pauthoring.${archaius.deployment.stack}.${archaius.deployment.subenvironment}.${archaius.deployment.environment}
reportSageService,/api/report.*,/api/report.*,/report,null,false,null,AUTH,null,AUTHORINGSAGE,1pauthoringsage.${archaius.deployment.stack}.${archaius.deployment.subenvironment}.${archaius.deployment.environment}
postService,/api/posts.*,null,/posts,null,false,null,AUTH,null,AUTHORING,1pauthoring.${archaius.deployment.stack}.${archaius.deployment.subenvironment}.${archaius.deployment.environment}
postSageService,/api/posts.*,/api/posts.*,/posts,null,false,null,AUTH,null,AUTHORINGSAGE,1pauthoringsage.${archaius.deployment.stack}.${archaius.deployment.subenvironment}.${archaius.deployment.environment}
draftService,/api/drafts.*,null,/drafts,null,false,null,AUTH,null,AUTHORING,1pauthoring.${archaius.deployment.stack}.${archaius.deployment.subenvironment}.${archaius.deployment.environment}
draftSageService,/api/drafts.*,/api/drafts.*,/drafts,null,false,null,AUTH,null,AUTHORINGSAGE,1pauthoringsage.${archaius.deployment.stack}.${archaius.deployment.subenvironment}.${archaius.deployment.environment}
authoringMediaService,/api/authoring-media.*,null,/authoring-media,null,false,null,AUTH,null,AUTHORING,1pauthoring.${archaius.deployment.stack}.${archaius.deployment.subenvironment}.${archaius.deployment.environment}
authoringMediaSageService,/api/authoring-media.*,null,/authoring-media,null,false,null,AUTH,null,AUTHORINGSAGE,1pauthoringsage.${archaius.deployment.stack}.${archaius.deployment.subenvironment}.${archaius.deployment.environment}
authoringMediaServiceNoValidate,/api/authoring-media/[a-fA-F0-9-]+$,null,/authoring-media,null,false,null,NOVALIDATE,null,AUTHORING,1pauthoring.${archaius.deployment.stack}.${archaius.deployment.subenvironment}.${archaius.deployment.environment}
authoringMediaSageServiceNoValidate,/api/authoring-media/[a-fA-F0-9-]+$,null,/authoring-media,null,false,null,NOVALIDATE,null,AUTHORINGSAGE,1pauthoringsage.${archaius.deployment.stack}.${archaius.deployment.subenvironment}.${archaius.deployment.environment}
wosldPreFilter,/api/wosdashboard.*,null,/wosdashboard,null,false,null,AUTH,null,wosldClient,wosldservice.wos.${archaius.deployment.subenvironment}.${archaius.deployment.environment}
cortellissvgextractorcomponentPreFilter,/svg-extractor.*,/svg-extractor,/,null,false,null,NOVALIDATE,null,CORTELLISSVGEXTRACTORCOMPONENT,cortellissvgextractorcomponent.cortellis.${archaius.deployment.environment}
cdxPreFilter,/cdx.*,/cdx,/,null,false,null,NOVALIDATE,null,CDX_SEED,cdxseed.${archaius.deployment.stack}.${archaius.deployment.subenvironment}.${archaius.deployment.environment}
neonPreFilter,/neon.*,/neon,/,null,false,null,NOVALIDATE,null,1P_NEON_UI,1pneonui.${archaius.deployment.stack}.${archaius.deployment.subenvironment}.${archaius.deployment.environment}
RIBBON_SERVICE,null,null,null,null,false,null,null,null,null,null
RIBBON_COMMAND,null,null,null,null,false,null,null,null,null,null
ZUUL_INTERNAL,null,null,null,null,false,null,null,null,null,null
cgiTypeaheadPreFilter,/api/generics/suggest.*,null,/suggest,null,false,null,AUTH,"CGI_GLOBAL"||"CGI_PREMIUM"||"CGI_SOURCING"||"CGI_TST",CGI_TYPEAHEAD,nptypeahead.newport.${archaius.deployment.subenvironment}.${archaius.deployment.environment}
recommendService,/api/recommend/.*,null,/recommend,null,false,null,NOVALIDATE,null,RECOMMEND,1precommend.${archaius.deployment.stack}.${archaius.deployment.subenvironment}.${archaius.deployment.environment}
cortellisontologyapiPreFilter,/api/testgetontology.*,null,/testgetontology,null,false,null,AUTH,null,CORTELLISONTOLOGYAPI,cortellisontologyapi.cortellis.${archaius.deployment.subenvironment}.${archaius.deployment.environment}
browseOntologyDataPreFilter,/api/browseOntologyData.*,null,/browseOntologyData,null,false,null,AUTH,null,CORTELLISONTOLOGYAPI,cortellisontologyapi.cortellis.${archaius.deployment.subenvironment}.${archaius.deployment.environment}
cortellisOntologyGenericFilter,/api/cortellis/ontology.*,/api/cortellis/ontology,/cortellisontology,null,false,null,AUTH,null,CORTELLISONTOLOGYAPI,cortellisontologyapi.cortellis.${archaius.deployment.subenvironment}.${archaius.deployment.environment}
wosnodealertingPreFilter,/api/wosnodealerting.*,/api/wosnodealerting,/,null,false,null,NOVALIDATE,null,WOSNODEALERTING,wosnodealerting.wos.${archaius.deployment.subenvironment}.${archaius.deployment.environment}
ipatypeaheadPreFilter,/api/ipa/suggest.*,null,/suggest,null,false,null,NOVALIDATE,null,IPATYPEAHEAD,ipatypeahead.${archaius.deployment.stack}.${archaius.deployment.subenvironment}.${archaius.deployment.environment}
cmcchangehistoryPreFilter,/api/cmcchangehistory.*,null,/,null,false,null,NOVALIDATE,null,CMCCHANGEHISTORY,cmcchangehistory.${archaius.deployment.stack}.${archaius.deployment.subenvironment}.${archaius.deployment.environment}
cortellisLandingAppFilter,/cortellis/landing/ri||/cortellis/landing/ri/.*,/cortellis/landing/ri,/,null,false,null,NOVALIDATE,null,CORTELLIS_LANDING_APP,cortellislandingapp.cortellis.${archaius.deployment.subenvironment}.${archaius.deployment.environment}
cgiPstPreFilter,/api/generics/pst.*||/api/generics/pst/.*,/api/generics,/,null,false,null,NOVALIDATE,null,CGI_PST,nptoolproductselector.newport.${archaius.deployment.subenvironment}.${archaius.deployment.environment}
mediaServiceNoValidate,/api/media.*,/api/media,/media,null,false,null,NOVALIDATE,null,MEDIA,1pmedia.${archaius.deployment.stack}.${archaius.deployment.subenvironment}.${archaius.deployment.environment}
mwsBridge,/api/bridge/mws/.*,null,/bridge/mws,null,false,null,NOVALIDATE,null,MWSBRIDGE,1pmwsbridge.${archaius.deployment.stack}.${archaius.deployment.subenvironment}.${archaius.deployment.environment}
cgiMarketinguiPreFilter,/marketing/generics||/marketing/generics/.*||/ui/generics/marketing||/ui/generics/marketing/.*,/,/,null,false,null,NOVALIDATE,null,CGI_MARKETINGUI,npmarketingui.newport.${archaius.deployment.subenvironment}.${archaius.deployment.environment}
cgiMarketinguiFb1PreFilter,null,/,/,null,false,null,NOVALIDATE,null,CGI_MARKETINGUI_FB1,npmarketinguiFb1.newport.${archaius.deployment.subenvironment}.${archaius.deployment.environment}
caastaxonomyPreFilter,/api/taxonomy.*,null,/,null,false,null,NOVALIDATE,null,CAASTAXONOMY,caastaxonomy.${archaius.deployment.stack}.${archaius.deployment.subenvironment}.${archaius.deployment.environment}
reviewerLocatorService,/api/reviewer/.*,null,/reviewer,null,false,null,NOVALIDATE,null,REVIEWER,1previewerlocator.${archaius.deployment.stack}.${archaius.deployment.subenvironment}.${archaius.deployment.environment}
spmasterservicesService,/api/spmaster.*,null,/spmaster,null,false,null,NOAUTH,null,SPMASTER,spmasterservices.${archaius.deployment.stack}.${archaius.deployment.subenvironment}.${archaius.deployment.environment}
cddiGuiPreFilter,/drugdiscovery.*,/drugdiscovery,/,null,false,null,NOVALIDATE,null,CDDI_GUI,igrgui.${archaius.deployment.stack}.${archaius.deployment.subenvironment}.${archaius.deployment.environment}
cddiGuiFb1PreFilter,/drugdiscovery.*,/drugdiscovery.*,/,apps.dev-snapshot-fb1.clarivate.com,false,null,NOVALIDATE,null,CDDI_GUI_FB1,igrGuiFb1.${archaius.deployment.stack}.${archaius.deployment.subenvironment}.${archaius.deployment.environment}
cortellisExportFilter,/cortellis/export/||/cortellis/export/.*,/cortellis/export/,/,null,false,null,NOVALIDATE,null,CORTELLISEXPORTAPP,cortellisexportapp.cortellis.${archaius.deployment.subenvironment}.${archaius.deployment.environment}
credentialsPreFilter,/api/credentials.*,null,/credentials,null,false,null,NOVALIDATE,null,1PIDENTITY,1pidentity.${archaius.deployment.stack}.${archaius.deployment.subenvironment}.${archaius.deployment.environment}
cgiApiPreFilter,/api/generics/api.*,/api/generics,/,null,false,null,AUTH,"CGI_GLOBAL"||"CGI_PREMIUM"||"CGI_SOURCING"||"CGI_TST",CGI_API,npapi.newport.${archaius.deployment.subenvironment}.${archaius.deployment.environment}
ResponseHeaders,null,null,null,null,false,null,null,null,null,null
CORSHeadersFilter,null,null,null,null,false,null,null,null,null,null
draExcelExportPreFilter,/api/dra/excel/export.*,null,/export,null,false,null,AUTH,"DRA_TARGET_DRUG",DRAEXCELEXPORT,draexcelexport.dra.${archaius.deployment.subenvironment}.${archaius.deployment.environment}
