vipAddress,FilterName,Route,Path,UpstreamPath,Host,IP_Based,SubFilters,AuthType,Entitlements,ClientName
1padminui.${archaius.deployment.stack}.${archaius.deployment.subenvironment}.${archaius.deployment.environment},psaPreFilter,/psa.*,/psa,/,null,FALSE,null,NOVALIDATE,null,1P_ADMIN_UI
1padminuifb1.${archaius.deployment.stack}.${archaius.deployment.subenvironment}.${archaius.deployment.environment},psaFb1PreFilter,null,/psa,/,null,FALSE,null,NOVALIDATE,null,1P_ADMIN_UI_FB1
1palertmanager.${archaius.deployment.stack}.${archaius.deployment.subenvironment}.${archaius.deployment.environment},aaaExecute,/api/_execute.*,null,/_execute,null,TRUE,CORSHeadersFilter,AUTH,null,ALERTMANAGER
1palertmanager.${archaius.deployment.stack}.${archaius.deployment.subenvironment}.${archaius.deployment.environment},aaaConsumerApplication,/api/_consumer_application.*,null,/_consumer_application,null,TRUE,CORSHeadersFilter,AUTH,null,ALERTMANAGER
1palertmanager.${archaius.deployment.stack}.${archaius.deployment.subenvironment}.${archaius.deployment.environment},aaaAlertEmail,/api/_alert_email.*,null,/_alert_email,null,TRUE,CORSHeadersFilter,AUTH,null,ALERTMANAGER
1palertmanager.${archaius.deployment.stack}.${archaius.deployment.subenvironment}.${archaius.deployment.environment},1palertmanagerPreFilter,/alerts.*,null,/alerts,null,FALSE,null,NOVALIDATE,null,ALERTMANAGER
1pappbridge.${archaius.deployment.stack}.${archaius.deployment.subenvironment}.${archaius.deployment.environment},bridgeService,/api/bridge.*,null,/bridge,null,FALSE,null,AUTH,null,BRIDGECLIENT
1pappbridgetest.${archaius.deployment.stack}.${archaius.deployment.subenvironment}.${archaius.deployment.environment},bridgeServiceTest,null,null,/bridge,null,FALSE,null,AUTH,null,BRIDGECLIENT_TEST
1pappbroker.${archaius.deployment.stack}.${archaius.deployment.subenvironment}.${archaius.deployment.environment},frontendPreFilter,/.*,/.*,/,dev-snapshot.1p.thomsonreuters.com,FALSE,null,NOVALIDATE,null,1P_APP_BROKER
1pappbroker.${archaius.deployment.stack}.${archaius.deployment.subenvironment}.${archaius.deployment.environment},urlRedirectionPreFilter,/cmty.*,/cmty.*,/,dev-snapshot.1p.thomsonreuters.com,FALSE,null,NOVALIDATE,null,1P_APP_BROKER
1pauth.${archaius.deployment.stack}.${archaius.deployment.subenvironment}.${archaius.deployment.environment},oauthPreFilter,/api/authorize.*,null,/authorize,null,FALSE,null,null,null,AUTH
1pauth.${archaius.deployment.stack}.${archaius.deployment.subenvironment}.${archaius.deployment.environment},oauthSocialMergePreFilter,/api/authorize/auth,null,/authorize,null,FALSE,null,AUTH,null,AUTH
1pauth.${archaius.deployment.stack}.${archaius.deployment.subenvironment}.${archaius.deployment.environment},oauthMergePreFilter,/api/merge.*,/api/merge,/authorize/merge,null,FALSE,null,null,null,AUTH
1pauth.${archaius.deployment.stack}.${archaius.deployment.subenvironment}.${archaius.deployment.environment},oauthVerifyPreFilter,/api/oauth.*,/api/oauth,/authorize/verify,null,FALSE,null,null,null,AUTH
1pauth.${archaius.deployment.stack}.${archaius.deployment.subenvironment}.${archaius.deployment.environment},sessionService,/api/session.*,null,/session,null,FALSE,null,NOVALIDATE,null,AUTH
1pauth.${archaius.deployment.stack}.${archaius.deployment.subenvironment}.${archaius.deployment.environment},registerPreFilter,/api/auth/register,null,/auth/register,null,FALSE,null,NOVALIDATE,null,AUTH
1pauth.${archaius.deployment.stack}.${archaius.deployment.subenvironment}.${archaius.deployment.environment},registrationPreFilter,/api/registration.*,null,/registration,null,FALSE,null,NOVALIDATE,null,AUTH
1pauth.${archaius.deployment.stack}.${archaius.deployment.subenvironment}.${archaius.deployment.environment},passwordPreFilter,/api/auth/resetpassword,null,/auth/resetpassword,null,FALSE,null,AUTH,null,AUTH
1pauth.${archaius.deployment.stack}.${archaius.deployment.subenvironment}.${archaius.deployment.environment},healthCheckPreFilter,/api/auth/healthcheck,null,/healthcheck,null,FALSE,null,AUTH,null,AUTH
1pauth.${archaius.deployment.stack}.${archaius.deployment.subenvironment}.${archaius.deployment.environment},accountSettingsPreFilter,/api/auth/accountsettings,null,/auth/accountsettings,null,FALSE,null,AUTH,null,AUTH
1pauth.${archaius.deployment.stack}.${archaius.deployment.subenvironment}.${archaius.deployment.environment},sprefsPrefilter,/api/users/sprefs.*,null,/users/sprefs,null,FALSE,null,AUTH,null,AUTH
1pauth.${archaius.deployment.stack}.${archaius.deployment.subenvironment}.${archaius.deployment.environment},accountPreFilter,/api/account.*,null,/account,null,FALSE,null,null,null,AUTH
1pauth.${archaius.deployment.stack}.${archaius.deployment.subenvironment}.${archaius.deployment.environment},accountAuthPreFilter,/api/account/auth.*,null,/account,null,FALSE,null,AUTH,null,AUTH
1pauth.${archaius.deployment.stack}.${archaius.deployment.subenvironment}.${archaius.deployment.environment},ssoPreFilter,/api/sso.*,null,/sso,null,FALSE,null,null,null,AUTH
1pauth.${archaius.deployment.stack}.${archaius.deployment.subenvironment}.${archaius.deployment.environment},emailAuthPreFilter,/api/email.*,null,/email,null,FALSE,null,AUTH,null,AUTH
1pauth.${archaius.deployment.stack}.${archaius.deployment.subenvironment}.${archaius.deployment.environment},emailPreFilter,/api/email/confirm.*,null,/email,null,FALSE,null,null,null,AUTH
1pauth.${archaius.deployment.stack}.${archaius.deployment.subenvironment}.${archaius.deployment.environment},captchaAuthPreFilter,/api/util/text.*,null,/util/text,null,FALSE,null,PASSTHRU,null,AUTH
1pauth.${archaius.deployment.stack}.${archaius.deployment.subenvironment}.${archaius.deployment.environment},forgotpasswordPreFilter,/api/account/forgotpassword.*,/api/account/forgotpassword.*,/account,(.*)[.]clarivate.com||(.*)[.]cortellis.cn||(.*)[.]cortellis.com||(.*)[.]derwentinnovation.com||(.*)[.]myendnoteweb.com||(.*)[.]oneplatform.build||(.*)[.]publons.com||(.*)[.]thomson.com||(.*)[.]thomsonreuters.com,FALSE,null,null,null,AUTH
1pauth.${archaius.deployment.stack}.${archaius.deployment.subenvironment}.${archaius.deployment.environment},auditHistoryAuthPreFilter,/api/audit/history/.*,null,/audit/history,null,FALSE,null,AUTH,null,AUTH
1pauthoring.${archaius.deployment.stack}.${archaius.deployment.subenvironment}.${archaius.deployment.environment},commentsService,/api/comments.*,null,/comments,null,FALSE,null,AUTH,null,AUTHORING
1pauthoring.${archaius.deployment.stack}.${archaius.deployment.subenvironment}.${archaius.deployment.environment},statisticsService,/api/statistics.*,null,/statistics,null,FALSE,null,AUTH,null,AUTHORING
1pauthoring.${archaius.deployment.stack}.${archaius.deployment.subenvironment}.${archaius.deployment.environment},appreciationService,/api/appreciation.*,null,/appreciation,null,FALSE,null,AUTH,null,AUTHORING
1pauthoring.${archaius.deployment.stack}.${archaius.deployment.subenvironment}.${archaius.deployment.environment},reportService,/api/report.*,null,/report,null,FALSE,null,AUTH,null,AUTHORING
1pauthoring.${archaius.deployment.stack}.${archaius.deployment.subenvironment}.${archaius.deployment.environment},postService,/api/posts.*,null,/posts,null,FALSE,null,AUTH,null,AUTHORING
1pauthoring.${archaius.deployment.stack}.${archaius.deployment.subenvironment}.${archaius.deployment.environment},draftService,/api/drafts.*,null,/drafts,null,FALSE,null,AUTH,null,AUTHORING
1pauthoring.${archaius.deployment.stack}.${archaius.deployment.subenvironment}.${archaius.deployment.environment},authoringMediaService,/api/authoring-media.*,null,/authoring-media,null,FALSE,null,AUTH,null,AUTHORING
1pauthoring.${archaius.deployment.stack}.${archaius.deployment.subenvironment}.${archaius.deployment.environment},authoringMediaServiceNoValidate,/api/authoring-media/[a-fA-F0-9-]+$,null,/authoring-media,null,FALSE,null,NOVALIDATE,null,AUTHORING
1pauthoringsage.${archaius.deployment.stack}.${archaius.deployment.subenvironment}.${archaius.deployment.environment},commentsSageService,/api/comments.*,/api/comments.*,/comments,null,FALSE,null,AUTH,null,AUTHORINGSAGE
1pauthoringsage.${archaius.deployment.stack}.${archaius.deployment.subenvironment}.${archaius.deployment.environment},statisticsSageService,/api/statistics.*,/api/statistics.*,/statistics,null,FALSE,null,AUTH,null,AUTHORINGSAGE
1pauthoringsage.${archaius.deployment.stack}.${archaius.deployment.subenvironment}.${archaius.deployment.environment},appreciationSageService,/api/appreciation.*,/api/appreciation.*,/appreciation,null,FALSE,null,AUTH,null,AUTHORINGSAGE
1pauthoringsage.${archaius.deployment.stack}.${archaius.deployment.subenvironment}.${archaius.deployment.environment},reportSageService,/api/report.*,/api/report.*,/report,null,FALSE,null,AUTH,null,AUTHORINGSAGE
1pauthoringsage.${archaius.deployment.stack}.${archaius.deployment.subenvironment}.${archaius.deployment.environment},postSageService,/api/posts.*,/api/posts.*,/posts,null,FALSE,null,AUTH,null,AUTHORINGSAGE
1pauthoringsage.${archaius.deployment.stack}.${archaius.deployment.subenvironment}.${archaius.deployment.environment},draftSageService,/api/drafts.*,/api/drafts.*,/drafts,null,FALSE,null,AUTH,null,AUTHORINGSAGE
1pauthoringsage.${archaius.deployment.stack}.${archaius.deployment.subenvironment}.${archaius.deployment.environment},authoringMediaSageService,/api/authoring-media.*,null,/authoring-media,null,FALSE,null,AUTH,null,AUTHORINGSAGE
1pauthoringsage.${archaius.deployment.stack}.${archaius.deployment.subenvironment}.${archaius.deployment.environment},authoringMediaSageServiceNoValidate,/api/authoring-media/[a-fA-F0-9-]+$,null,/authoring-media,null,FALSE,null,NOVALIDATE,null,AUTHORINGSAGE
1pcache.${archaius.deployment.stack}.${archaius.deployment.subenvironment}.${archaius.deployment.environment},1pcachePreFilter,/api/cache/igr.*,/api/cache/igr,/,null,FALSE,null,NOVALIDATE,null,1PCACHE
1pchemistry.${archaius.deployment.stack}.${archaius.deployment.subenvironment}.${archaius.deployment.environment},1pchemistryPreFilter,/api/chemistry/igr.*,/api/chemistry/igr,/,null,FALSE,null,NOVALIDATE,null,1PCHEMISTRY
1pcitations.${archaius.deployment.stack}.${archaius.deployment.subenvironment}.${archaius.deployment.environment},watchlistPreListsAuth,/api/lists/watchlist.*,null,/lists/watchlist,null,FALSE,null,AUTH,null,WATCH
1pclaiming.${archaius.deployment.stack}.${archaius.deployment.subenvironment}.${archaius.deployment.environment},claimingService,/api/claiming.*,null,/claiming,null,FALSE,null,AUTH,null,CLAIMING
1pcommonanalytics.${archaius.deployment.stack}.${archaius.deployment.subenvironment}.${archaius.deployment.environment},commonAnalyticsSearchPreFilter,/api/ca/search.*,null,/search,null,FALSE,null,NOVALIDATE,null,1PCOMMONANALYTICS
1pcommonanalytics.${archaius.deployment.stack}.${archaius.deployment.subenvironment}.${archaius.deployment.environment},commonAnalyticsCollectPreFilter,/api/ca/collect.*,null,/collect,null,FALSE,null,NOVALIDATE,null,1PCOMMONANALYTICS
1pcommonanalytics.${archaius.deployment.stack}.${archaius.deployment.subenvironment}.${archaius.deployment.environment},commonAnalyticsGetPreFilter,/api/ca/get.*,null,/get,null,FALSE,null,NOVALIDATE,null,1PCOMMONANALYTICS
1pcommonanalytics.${archaius.deployment.stack}.${archaius.deployment.subenvironment}.${archaius.deployment.environment},commonAnalyticsHitlistPreFilter,/api/ca/hitlist.*,null,/hitlist,null,FALSE,null,NOVALIDATE,null,1PCOMMONANALYTICS
1pcommonanalytics.${archaius.deployment.stack}.${archaius.deployment.subenvironment}.${archaius.deployment.environment},commonAnalyticsStrlistPreFilter,/api/ca/strlist.*,null,/strlist,null,FALSE,null,NOVALIDATE,null,1PCOMMONANALYTICS
1pcommonanalytics.${archaius.deployment.stack}.${archaius.deployment.subenvironment}.${archaius.deployment.environment},commonAnalyticsScopePreFilter,/api/ca/scope.*,null,/scope,null,FALSE,null,NOVALIDATE,null,1PCOMMONANALYTICS
1pcommonanalytics.${archaius.deployment.stack}.${archaius.deployment.subenvironment}.${archaius.deployment.environment},commonAnalyticsIdsPreFilter,/api/ca/ids.*,null,/ids,null,FALSE,null,NOVALIDATE,null,1PCOMMONANALYTICS
1pcommonanalyticsincites.${archaius.deployment.stack}.${archaius.deployment.subenvironment}.${archaius.deployment.environment},commonAnalyticsIncitesSearchPreFilter,/api/ca-incites/search.*,null,/search,null,FALSE,null,NOVALIDATE,null,1PCOMMONANALYTICSINCITES
1pcommonanalyticsincites.${archaius.deployment.stack}.${archaius.deployment.subenvironment}.${archaius.deployment.environment},commonAnalyticsIncitesXrpcPreFilter,/api/ca-incites/xrpc.*,null,/xrpc,null,FALSE,null,NOVALIDATE,null,1PCOMMONANALYTICSINCITES
1pcommonanalyticsincites.${archaius.deployment.stack}.${archaius.deployment.subenvironment}.${archaius.deployment.environment},commonAnalyticsIncitesCollectPreFilter,/api/ca-incites/collect.*,null,/collect,null,FALSE,null,NOVALIDATE,null,1PCOMMONANALYTICSINCITES
1pcommonanalyticsincites.${archaius.deployment.stack}.${archaius.deployment.subenvironment}.${archaius.deployment.environment},commonAnalyticsIncitesGetPreFilter,/api/ca-incites/get.*,null,/get,null,FALSE,null,NOVALIDATE,null,1PCOMMONANALYTICSINCITES
1pcommonanalyticsincites.${archaius.deployment.stack}.${archaius.deployment.subenvironment}.${archaius.deployment.environment},commonAnalyticsIncitesScopePreFilter,/api/ca-incites/scope.*,null,/scope,null,FALSE,null,NOVALIDATE,null,1PCOMMONANALYTICSINCITES
1pcontainer.${archaius.deployment.stack}.${archaius.deployment.subenvironment}.${archaius.deployment.environment},containerPreFilter,/api/container/v2/container.*,/api/container/v2/container,/container,null,FALSE,null,AUTH,null,CONTAINER
1pcontainer.${archaius.deployment.stack}.${archaius.deployment.subenvironment}.${archaius.deployment.environment},containerNoAuthPreFilter,/api/container/v3/container.*,/api/container/v3/container,/container,null,FALSE,null,NOAUTH,null,CONTAINER
1pdecorator.${archaius.deployment.stack}.${archaius.deployment.subenvironment}.${archaius.deployment.environment},decoratorService,/api/decorator/.*,null,/decorator,null,FALSE,null,AUTH,null,DECORATOR
1pdecorator.${archaius.deployment.stack}.${archaius.deployment.subenvironment}.${archaius.deployment.environment},decoratorEntService,/api/decoratorent/.*,api/decoratorent,/decorator,null,FALSE,null,AUTH,"DRA_DRUG_DESIGN||""DRA_TARGET_DRUG""",DECORATOR
1pdecoratorsage.${archaius.deployment.stack}.${archaius.deployment.subenvironment}.${archaius.deployment.environment},decoratorSageService,/api/decorator/.*,/api/decorator/.*,/decorator,null,FALSE,null,AUTH,null,DECORATORSAGE
1PENTITLEMENTS.${archaius.deployment.stack}.${archaius.deployment.subenvironment}.${archaius.deployment.environment},entitlements,/api/entitlements.*,null,/entitlements,null,FALSE,CORSHeadersFilter,AUTH,null,ENT
1pexampleservice.${archaius.deployment.stack}.${archaius.deployment.subenvironment}.${archaius.deployment.environment},exampleService,/api/example_service.*||/api/test8_example_service.*||/api/test9_example_service.*,/api/example_service,/,null,FALSE,eurekaTestApiHeaders,PASSTHRU,null,EXAMPLE_SERVICE
1pexampleservice.${archaius.deployment.stack}.${archaius.deployment.subenvironment}.${archaius.deployment.environment},ipexampleService,/api/ipexample_service.*,/api/ipexample_service,/,null,TRUE,null,NOVALIDATE,null,EXAMPLE_SERVICE
1pexampleservice.${archaius.deployment.stack}.${archaius.deployment.subenvironment}.${archaius.deployment.environment},authExampleService,/api/auth_example_service.*,/api/auth_example_service,/,null,FALSE,null,AUTH,null,EXAMPLE_SERVICE
1pexp.${archaius.deployment.stack}.${archaius.deployment.subenvironment}.${archaius.deployment.environment},experiment,/api/experiment.*,null,/experiment,null,FALSE,null,NOAUTH,null,EXP
1pexport.${archaius.deployment.stack}.${archaius.deployment.subenvironment}.${archaius.deployment.environment},exportPreFilter,/api/export/.*,null,/export,null,FALSE,null,NOVALIDATE,null,1PEXPORT
1pfollow.${archaius.deployment.stack}.${archaius.deployment.subenvironment}.${archaius.deployment.environment},followService,/api/follow.*,null,/follow,null,FALSE,null,AUTH,null,FOLLOWING
1pfrontend.${archaius.deployment.stack}.${archaius.deployment.subenvironment}.${archaius.deployment.environment},communityPreFilter,/cmty.*,/cmty,/,null,FALSE,null,NOVALIDATE,null,1P_FRONTEND
1pfrontendfb2.${archaius.deployment.stack}.${archaius.deployment.subenvironment}.${archaius.deployment.environment},frontendFb2PreFilter,null,/,/,null,FALSE,null,NOVALIDATE,null,1P_FRONTEND_FB2
1pfrontendfb3.${archaius.deployment.stack}.${archaius.deployment.subenvironment}.${archaius.deployment.environment},frontendFb3PreFilter,/.*,/.*,/,dev-snapshot-fb3.1p.thomsonreuters.com,FALSE,null,NOVALIDATE,null,1P_FRONTEND_FB3
1pfrontendfb4.${archaius.deployment.stack}.${archaius.deployment.subenvironment}.${archaius.deployment.environment},frontendFb4PreFilter,/.*,/.*,/,dev-snapshot-fb4.1p.thomsonreuters.com,FALSE,null,NOVALIDATE,null,1P_FRONTEND_FB4
1pfrontendfb5.${archaius.deployment.stack}.${archaius.deployment.subenvironment}.${archaius.deployment.environment},frontendFb5PreFilter,/.*,/.*,/,dev-snapshot-fb5.1p.thomsonreuters.com,FALSE,null,NOVALIDATE,null,1P_FRONTEND_FB5
1pfrontendfb6.${archaius.deployment.stack}.${archaius.deployment.subenvironment}.${archaius.deployment.environment},frontendFb6PreFilter,/.*,/.*,/,dev-snapshot-fb6.1p.thomsonreuters.com,FALSE,null,NOVALIDATE,null,1P_FRONTEND_FB6
1pfrontendfb6.${archaius.deployment.stack}.${archaius.deployment.subenvironment}.${archaius.deployment.environment},communityFb6PreFilter,null,/cmty,/,null,FALSE,null,NOVALIDATE,null,1P_FRONTEND_FB6
1pgeoduck.${archaius.deployment.stack}.${archaius.deployment.subenvironment}.${archaius.deployment.environment},geoDuck,/api/geoDuck.*,/api/geoDuck,/,null,FALSE,null,NOVALIDATE,null,1P_GEODUCK
1pgroups.${archaius.deployment.stack}.${archaius.deployment.subenvironment}.${archaius.deployment.environment},groups,/api/groups.*,null,/groups,null,FALSE,CORSHeadersFilter,NOVALIDATE,null,1P_GROUPS
1pgroups.${archaius.deployment.stack}.${archaius.deployment.subenvironment}.${archaius.deployment.environment},invites,/api/invites.*,null,/invites,null,FALSE,null,NOVALIDATE,null,1P_GROUPS
1pidentity.${archaius.deployment.stack}.${archaius.deployment.subenvironment}.${archaius.deployment.environment},credentialsPreFilter,/api/credentials.*,null,/credentials,null,FALSE,null,NOVALIDATE,null,1PIDENTITY
1plinksentitlements.${archaius.deployment.stack}.${archaius.deployment.subenvironment}.${archaius.deployment.environment},links-entitlements,/api/links/entitlements.*,null,/entitlements,null,TRUE,null,NOVALIDATE,null,links-entitlements
1plinksentitlementsui.${archaius.deployment.stack}.${archaius.deployment.subenvironment}.${archaius.deployment.environment},linksentPreFilter,/linksent.*,/linksent,/,null,TRUE,null,NOVALIDATE,null,LINKSENT_FRONTEND
1plinksgateway.${archaius.deployment.stack}.${archaius.deployment.subenvironment}.${archaius.deployment.environment},linksGatewayPrefilter,/api/gateway.*,null,/gateway,null,FALSE,null,NOVALIDATE,null,LINKS-GATEWAY
1pmanumatcher.${archaius.deployment.stack}.${archaius.deployment.subenvironment}.${archaius.deployment.environment},matcherPrefilter,/api/matcher.*,/api/matcher,/matcher,null,FALSE,null,NOVALIDATE,null,1pmanumatcher
1pmedia.${archaius.deployment.stack}.${archaius.deployment.subenvironment}.${archaius.deployment.environment},mediaServiceNoValidate,/api/media.*,/api/media,/media,null,FALSE,null,NOVALIDATE,null,MEDIA
1pmicrouiaccount.${archaius.deployment.stack}.${archaius.deployment.subenvironment}.${archaius.deployment.environment},accountUIPreFilter,/account.*,/account.*,/,apps.dev-snapshot.clarivate.com||fb1.apps.dev-snapshot.clarivate.com,FALSE,null,NOVALIDATE,null,1P_MICROUI_ACCOUNT
1pmicrouilogin.${archaius.deployment.stack}.${archaius.deployment.subenvironment}.${archaius.deployment.environment},AuthMicroSitePreFilter,/.*,/.*,/,iam-snapshot.dev.oneplatform.build,FALSE,null,NOVALIDATE,null,1P_MICROUI_LOGIN
1pmicrouiloginfb1.${archaius.deployment.stack}.${archaius.deployment.subenvironment}.${archaius.deployment.environment},AuthMicroSiteFb1PreFilter,/.*,/.*,/,access.dev-snapshot-fb1.clarivate.com||apps.dev-snapshot-fb2.clarivate.com,FALSE,null,NOVALIDATE,null,1P_MICROUI_LOGIN_FB1
1pmicrouiloginfb2.${archaius.deployment.stack}.${archaius.deployment.subenvironment}.${archaius.deployment.environment},AuthMicroSiteFb2LoginPreFilter,null,/,/,null,FALSE,null,NOVALIDATE,null,1P_MICROUI_LOGIN_FB2
1pmicrouiloginngx.${archaius.deployment.stack}.${archaius.deployment.subenvironment}.${archaius.deployment.environment},AuthMicroSiteNgxPreFilter,/.*,/.*,/,fb1.apps.dev-snapshot.clarivate.com,FALSE,null,NOVALIDATE,null,1P_MICROUI_LOGIN_NGX
1pmodels.${archaius.deployment.stack}.${archaius.deployment.subenvironment}.${archaius.deployment.environment},modelsPrefilter,/api/models.*,/api/models,/,null,FALSE,null,NOVALIDATE,null,1PMODELS
1pmwsbridge.${archaius.deployment.stack}.${archaius.deployment.subenvironment}.${archaius.deployment.environment},mwsBridge,/api/bridge/mws/.*,null,/bridge/mws,null,FALSE,null,NOVALIDATE,null,MWSBRIDGE
1pneonui.${archaius.deployment.stack}.${archaius.deployment.subenvironment}.${archaius.deployment.environment},neonPreFilter,/neon.*,/neon,/,null,FALSE,null,NOVALIDATE,null,1P_NEON_UI
1pnotify.${archaius.deployment.stack}.${archaius.deployment.subenvironment}.${archaius.deployment.environment},notify,/api/notify/.*,null,/notify,null,FALSE,null,AUTH,null,NOTIFY
1pnotifyv2.${archaius.deployment.stack}.${archaius.deployment.subenvironment}.${archaius.deployment.environment},notifyv2,/api/notifyv2/.*,/api/notifyv2,/notify,null,FALSE,null,NOVALIDATE,null,NOTIFYV2
1poauth.${archaius.deployment.stack}.${archaius.deployment.subenvironment}.${archaius.deployment.environment},1poauthPreFilter,/api/token.*,null,/token,null,FALSE,null,null,null,OAUTH
1ppreferences.${archaius.deployment.stack}.${archaius.deployment.subenvironment}.${archaius.deployment.environment},preferencesService,/api/preferences.*,null,/preferences,null,FALSE,null,NOAUTH,null,PREFERENCES
1pprofile.${archaius.deployment.stack}.${archaius.deployment.subenvironment}.${archaius.deployment.environment},userProfileService,/api/users/user.*,null,/users/user,null,FALSE,null,AUTH,null,PROFILE
1pprofile.${archaius.deployment.stack}.${archaius.deployment.subenvironment}.${archaius.deployment.environment},userProfileBatchService,/api/users/list.*,null,/users/list,null,FALSE,null,NOAUTH,null,PROFILE
1pprofile.${archaius.deployment.stack}.${archaius.deployment.subenvironment}.${archaius.deployment.environment},userProfilev2Service,/api/v2users.*,/api/v2users,/users,null,FALSE,CORSHeadersFilter,AUTH,null,PROFILEV2
1pprofile.${archaius.deployment.stack}.${archaius.deployment.subenvironment}.${archaius.deployment.environment},userProfilev2NoAuthService,/api/v2users/.*/media/image||/api/v2users/user/[a-fA-F0-9-]+$,/api/v2users,/users,null,FALSE,CORSHeadersFilter,NOVALIDATE,null,PROFILEV2
1pprofiles.${archaius.deployment.stack}.${archaius.deployment.subenvironment}.${archaius.deployment.environment},profileAuthPreFilter,/api/profile/user.*,null,/profile/user,null,FALSE,CORSHeadersFilter,AUTH,null,PROFILES
1pprofilesearch.${archaius.deployment.stack}.${archaius.deployment.subenvironment}.${archaius.deployment.environment},profileSearchPreFilter,/api/profilesearch.*,/api/profilesearch,/search,null,FALSE,null,AUTH,null,PROFILESEARCH
1precommend.${archaius.deployment.stack}.${archaius.deployment.subenvironment}.${archaius.deployment.environment},recommendService,/api/recommend/.*,null,/recommend,null,FALSE,null,NOVALIDATE,null,RECOMMEND
1previewerlocator.${archaius.deployment.stack}.${archaius.deployment.subenvironment}.${archaius.deployment.environment},reviewerLocatorService,/api/reviewer/.*,null,/reviewer,null,FALSE,null,NOVALIDATE,null,REVIEWER
1psearchdsl.${archaius.deployment.stack}.${archaius.deployment.subenvironment}.${archaius.deployment.environment},searchDslPreFilter,/api/searchdsl/v1.*,/api/searchdsl/v1,/,null,FALSE,null,NOVALIDATE,null,1PSEARCHDSL
1psearchsage.${archaius.deployment.stack}.${archaius.deployment.subenvironment}.${archaius.deployment.environment},searchSagePreFilter,/api/search/sage.*,/api/search/sage,/,null,FALSE,null,NOVALIDATE,null,1PSEARCHSAGE
1psearchv3.${archaius.deployment.stack}.${archaius.deployment.subenvironment}.${archaius.deployment.environment},searchV3PreFilter,/api/search/v3.*,/api/search/v3,/,null,FALSE,null,NOVALIDATE,null,1PSEARCHV3
1psearchv4.${archaius.deployment.stack}.${archaius.deployment.subenvironment}.${archaius.deployment.environment},searchV4PreFilter,/api/search/v4.*,/api/search/v4,/,null,FALSE,null,NOVALIDATE,null,1PSEARCHV4
1pstructuresearch.${archaius.deployment.stack}.${archaius.deployment.subenvironment}.${archaius.deployment.environment},structuresearchPreFilter,/api/dra/structure/search.*,null,/structure/search,null,FALSE,null,NOVALIDATE,null,STRUCTURESEARCH
1psupport.${archaius.deployment.stack}.${archaius.deployment.subenvironment}.${archaius.deployment.environment},supportService,/api/support.*,null,/support,null,FALSE,null,NOAUTH,null,SUPPORT
1ptypeahead.${archaius.deployment.stack}.${archaius.deployment.subenvironment}.${archaius.deployment.environment},suggestPreFilter,/api/suggest.*,null,/suggest,null,FALSE,null,NOAUTH,null,SUGGEST
1ptypeaheadsage.${archaius.deployment.stack}.${archaius.deployment.subenvironment}.${archaius.deployment.environment},suggestSagePreFilter,/api/suggest.*,/api/suggest.*,/suggest,null,FALSE,null,NOAUTH,null,SAGESUGGEST
1pwatchlistra.${archaius.deployment.stack}.${archaius.deployment.subenvironment}.${archaius.deployment.environment},watchlistV2PreListsAuth,/api/containers.*,null,/containers,null,FALSE,null,AUTH,null,WATCHV2
alertsadmin.${archaius.deployment.stack}.${archaius.deployment.subenvironment}.${archaius.deployment.environment},aaaPreFilter,/aaa.*,/aaa,/,null,TRUE,null,NOVALIDATE,null,ALERTS_ADMIN
arcmatchingservice.${archaius.deployment.stack}.${archaius.deployment.subenvironment}.${archaius.deployment.environment},arcMatchingService,/api/arc/.*,null,/arc,null,FALSE,null,NOVALIDATE,null,ARCMATCHING
brsincrementalindex.${archaius.deployment.stack}.${archaius.deployment.subenvironment}.${archaius.deployment.environment},brsIncrementalIndex,/api/brs/.*,null,/brs,null,FALSE,null,NOVALIDATE,null,BRSINCREMENTALINDEX
brssearchdsl.${archaius.deployment.stack}.${archaius.deployment.subenvironment}.${archaius.deployment.environment},brsSearchDslPreFilter,/api/brssearchdsl/v1.*,/api/brssearchdsl/v1,/,null,FALSE,null,NOVALIDATE,null,BRSSEARCHDSL
caastaxonomy.${archaius.deployment.stack}.${archaius.deployment.subenvironment}.${archaius.deployment.environment},caastaxonomyPreFilter,/api/taxonomy.*,null,/,null,FALSE,null,NOVALIDATE,null,CAASTAXONOMY
ccauthorshipresolution.${archaius.deployment.stack}.${archaius.deployment.subenvironment}.${archaius.deployment.environment},ccauthorshipService,/api/authorship.*,null,/authorship,null,FALSE,null,AUTH,null,AUTHORSHIP
ccauthorshipresolution.${archaius.deployment.stack}.${archaius.deployment.subenvironment}.${archaius.deployment.environment},ccauthorshipSingleFeedbackService,/api/authorship/feedback/extract/single.*,null,/authorship/feedback/extract/single,null,FALSE,null,NOAUTH,null,AUTHORSHIP
ccauthorshipresolution.${archaius.deployment.stack}.${archaius.deployment.subenvironment}.${archaius.deployment.environment},ccauthorshipIdsByDateRange,/api/authorship/feedback/extract/ids.*,null,/authorship/feedback/extract/ids,null,FALSE,null,NOAUTH,null,AUTHORSHIP
ccauthorshipresolution.${archaius.deployment.stack}.${archaius.deployment.subenvironment}.${archaius.deployment.environment},ccauthorshipResolve,/api/authorship/resolve.*,null,/authorship/resolve,null,FALSE,null,NOAUTH,null,AUTHORSHIP
ccEditorialWsTemplate.${archaius.deployment.stack}.${archaius.deployment.subenvironment}.${archaius.deployment.environment},ccEditorialWsTemplateFilter,/ws_template.*,/ws_template,/,null,FALSE,null,PASSTHRU,null,ws_template
CDDIANALYTICS.${archaius.deployment.stack}.${archaius.deployment.subenvironment}.${archaius.deployment.environment},cddiAnalyticsCountsPreFilter,/api/cddi/analytics/counts.*,null,/counts,null,FALSE,null,AUTH,CDDI_CDDI,CDDIANALYTICS
CDDIANALYTICS.${archaius.deployment.stack}.${archaius.deployment.subenvironment}.${archaius.deployment.environment},cddiAnalyticsCalculationsPreFilter,/api/cddi/analytics/calculations.*,null,/calculations,null,FALSE,null,AUTH,CDDI_CDDI,CDDIANALYTICS
CDDIANALYTICS.${archaius.deployment.stack}.${archaius.deployment.subenvironment}.${archaius.deployment.environment},cddiAnalyticsFilterByValueRangePreFilter,/api/cddi/analytics/range/filter.*,null,/range/filter,null,FALSE,null,AUTH,CDDI_CDDI,CDDIANALYTICS
CDDICONFIG.${archaius.deployment.stack}.${archaius.deployment.subenvironment}.${archaius.deployment.environment},cddiconfigPreFilter,/api/cddi/config.*,null,/config,null,FALSE,null,AUTH,CDDI_CDDI,CDDICONFIG
CDDIEXPORT.${archaius.deployment.stack}.${archaius.deployment.subenvironment}.${archaius.deployment.environment},cddiexportPreFilter,/api/cddi/export.*,null,/export,null,FALSE,null,AUTH,CDDI_CDDI,CDDIEXPORT
CDDIFILTERS.${archaius.deployment.stack}.${archaius.deployment.subenvironment}.${archaius.deployment.environment},cddifiltersPreFilter,/api/cddi/filters.*,null,/filters,null,FALSE,null,AUTH,CDDI_CDDI,CDDIFILTERS
cddimarketingui.integrity.${archaius.deployment.subenvironment}.${archaius.deployment.environment},igrMarketinguiPreFilter,/marketing/drugdiscovery||/marketing/drugdiscovery/.*||/ui/drugdiscovery/marketing||/ui/drugdiscovery/marketing/.*,/,/,null,FALSE,null,NOVALIDATE,null,CDDI_MARKETINGUI
cddimarketinguiFb1.integrity.${archaius.deployment.subenvironment}.${archaius.deployment.environment},igrMarketinguiFb1PreFilter,null,/,/,null,FALSE,null,NOVALIDATE,null,CDDI_MARKETINGUI_FB1
CDDIONTOLOGIES.${archaius.deployment.stack}.${archaius.deployment.subenvironment}.${archaius.deployment.environment},cddiontologiesPreFilter,/api/cddi/ontologies.*,null,/ontologies,null,FALSE,null,AUTH,CDDI_CDDI,CDDIONTOLOGIES
CDDITABLE.${archaius.deployment.stack}.${archaius.deployment.subenvironment}.${archaius.deployment.environment},cdditablePreFilter,/api/cddi/table.*,null,/table,null,FALSE,null,AUTH,CDDI_CDDI,CDDITABLE
CDDITABLE.${archaius.deployment.stack}.${archaius.deployment.subenvironment}.${archaius.deployment.environment},cdditableCountsPreFilter,/api/cddi/counts.*,null,/counts,null,FALSE,null,AUTH,CDDI_CDDI,CDDITABLE
CDDITABLE.${archaius.deployment.stack}.${archaius.deployment.subenvironment}.${archaius.deployment.environment},cdditableIdsPreFilter,/api/cddi/ids.*,null,/ids,null,FALSE,null,AUTH,CDDI_CDDI,CDDITABLE
cdxseed.${archaius.deployment.stack}.${archaius.deployment.subenvironment}.${archaius.deployment.environment},cdxPreFilter,/cdx.*,/cdx,/,null,FALSE,null,NOVALIDATE,null,CDX_SEED
censubui.scholarone.${archaius.deployment.subenvironment}.${archaius.deployment.environment},censubuiPreFilter,/censub.*,/censub,/,null,FALSE,null,NOVALIDATE,null,CENSUB_FRONTEND
censubui.scholarone.${archaius.deployment.subenvironment}.${archaius.deployment.environment},mjlbetauiPreFilter,/mjl-beta.*,/mjl-beta,/,null,FALSE,null,NOVALIDATE,null,CENSUB_FRONTEND
centralsubmission.scholarone.${archaius.deployment.subenvironment}.${archaius.deployment.environment},censubPublicPrefilter,/api/censub/public.*,/api/censub/public,/central-submission/public,null,FALSE,null,NOVALIDATE,null,centralsubmission
centralsubmission.scholarone.${archaius.deployment.subenvironment}.${archaius.deployment.environment},censubRestrictedPrefilter,/api/censub/restricted.*,/api/censub/restricted,/central-submission/restricted,null,FALSE,null,AUTH,null,centralsubmission
cmcapi.${archaius.deployment.stack}.${archaius.deployment.subenvironment}.${archaius.deployment.environment},cmcapiPreFilter,/api/cmc/services.*,null,/,null,FALSE,null,AUTH,"CMC_BIO_REG||""CMC_REG""",CMCAPI
cmcchangehistory.${archaius.deployment.stack}.${archaius.deployment.subenvironment}.${archaius.deployment.environment},cmcchangehistoryPreFilter,/api/cmcchangehistory.*,null,/,null,FALSE,null,NOVALIDATE,null,CMCCHANGEHISTORY
cmcgui.${archaius.deployment.stack}.${archaius.deployment.subenvironment}.${archaius.deployment.environment},cmcguiPreFilter,/cmc||/cmc/.*,/cmc,/,null,FALSE,null,NOVALIDATE,null,CMC_GUI
cortellisalertapi.cortellis.${archaius.deployment.subenvironment}.${archaius.deployment.environment},cortellisalertapiPreFilter,/api/cortellis/alert.*,/api/cortellis/alert,/cortellisalert,null,FALSE,null,AUTH,null,CORTELLISALERTAPI
cortellisalertapp.cortellis.${archaius.deployment.subenvironment}.${archaius.deployment.environment},cortellisAlertFilter,/cortellis/alert/||/cortellis/alert/.*,/cortellis/alert/,/,null,FALSE,null,NOVALIDATE,null,CORTELLISALERTAPP
cortellisautocompleteapi.cortellis.${archaius.deployment.subenvironment}.${archaius.deployment.environment},cortellisautocompleteapiPreFilter,/api/cortellis/autocomplete.*,/api/cortellis/autocomplete,/cortellisautocomplete,null,FALSE,null,AUTH,null,CORTELLISAUTOCOMPLETEAPI
cortellisconfigurationapi.cortellis.${archaius.deployment.subenvironment}.${archaius.deployment.environment},cortellisconfigurationapiPreFilter,/api/configtestget.*,null,/configtestget,null,FALSE,null,NOVALIDATE,null,CORTELLISCONFIGURATIONAPI
cortellisconfigurationapi.cortellis.${archaius.deployment.subenvironment}.${archaius.deployment.environment},configLandingPageHeaderPreFilter,/api/featureConfig.*,null,/featureConfig,null,FALSE,null,NOVALIDATE,null,CORTELLISCONFIGURATIONAPI
cortellisconfigurationapi.cortellis.${archaius.deployment.subenvironment}.${archaius.deployment.environment},landingPageHeaderConfigPreFilter,/api/landingPageHeaderConfig.*,null,/landingPageHeaderConfig,null,FALSE,null,NOVALIDATE,null,CORTELLISCONFIGURATIONAPI
cortellisconfigurationapi.cortellis.${archaius.deployment.subenvironment}.${archaius.deployment.environment},landingPageToolsConfigPreFilter,/api/configLandingPageTools.*,null,/configLandingPageTools,null,FALSE,null,NOVALIDATE,null,CORTELLISCONFIGURATIONAPI
cortellisconfigurationapi.cortellis.${archaius.deployment.subenvironment}.${archaius.deployment.environment},landingPageConfigFilter,/api/configEiddo.*,null,/configEiddo,null,FALSE,null,NOVALIDATE,null,CORTELLISCONFIGURATIONAPI
cortellisconfigurationapi.cortellis.${archaius.deployment.subenvironment}.${archaius.deployment.environment},landingPageAdvSearchFilter,/api/riAdvancedSearch.*,null,/riAdvancedSearch,null,FALSE,null,NOVALIDATE,null,CORTELLISCONFIGURATIONAPI
cortellisconfigurationapi.cortellis.${archaius.deployment.subenvironment}.${archaius.deployment.environment},cortellistestPreFilter,/api/testNew.*,null,/testNew,null,FALSE,null,NOVALIDATE,null,CORTELLISCONFIGURATIONAPI
cortellisconfigurationapi.cortellis.${archaius.deployment.subenvironment}.${archaius.deployment.environment},cortellisConfigurationPreFilter,/api/cortellis/configuration.*,/api/cortellis/configuration,/cortellisconfigurationapi,null,FALSE,null,AUTH,null,CORTELLISCONFIGURATIONAPI
cortellisdealslandingcomponent.cortellis.${archaius.deployment.subenvironment}.${archaius.deployment.environment},cortellisDealsLandingComponentFilter,/cortellis/deals/landing/ri||/cortellis/deals/landing/ri/.*,/cortellis/deals/landing/ri,/,null,FALSE,null,NOVALIDATE,null,CORTELLIS_DEALS_LANDING_COMPONENT
cortellisexportapp.cortellis.${archaius.deployment.subenvironment}.${archaius.deployment.environment},cortellisExportFilter,/cortellis/export/||/cortellis/export/.*,/cortellis/export/,/,null,FALSE,null,NOVALIDATE,null,CORTELLISEXPORTAPP
cortellisexportsearchapi.cortellis.${archaius.deployment.subenvironment}.${archaius.deployment.environment},cortellisexportsearchapiPreFilter,/api/cortellis/export.*,/api/cortellis/export,/cortellisexport,null,FALSE,null,AUTH,null,CORTELLISEXPORTSEARCHAPI
cortellisfrontend.cortellis.${archaius.deployment.subenvironment}.${archaius.deployment.environment},cortellisFrontendFilter,/intelligence/suite||/intelligence/suite/.*,/intelligence/suite,/,null,FALSE,null,NOVALIDATE,null,CORTELLISFRONTEND
cortellislandingapp.cortellis.${archaius.deployment.subenvironment}.${archaius.deployment.environment},cortellisLandingAppFilter,/cortellis/landing/ri||/cortellis/landing/ri/.*,/cortellis/landing/ri,/,null,FALSE,null,NOVALIDATE,null,CORTELLIS_LANDING_APP
cortellislandingcomponent.cortellis.${archaius.deployment.subenvironment}.${archaius.deployment.environment},cortellisLandingComponentFilter,/intelligence/landing||/intelligence/landing/.*,/intelligence/landing,/,null,FALSE,null,NOVALIDATE,null,CORTELLIS_LANDING_COMPONENT
cortellisontologyapi.cortellis.${archaius.deployment.subenvironment}.${archaius.deployment.environment},cortellisontologyapiPreFilter,/api/testgetontology.*,null,/testgetontology,null,FALSE,null,AUTH,null,CORTELLISONTOLOGYAPI
cortellisontologyapi.cortellis.${archaius.deployment.subenvironment}.${archaius.deployment.environment},browseOntologyDataPreFilter,/api/browseOntologyData.*,null,/browseOntologyData,null,FALSE,null,AUTH,null,CORTELLISONTOLOGYAPI
cortellisontologyapi.cortellis.${archaius.deployment.subenvironment}.${archaius.deployment.environment},cortellisOntologyGenericFilter,/api/cortellis/ontology.*,/api/cortellis/ontology,/cortellisontology,null,FALSE,null,AUTH,null,CORTELLISONTOLOGYAPI
cortellisreportapp.cortellis.${archaius.deployment.subenvironment}.${archaius.deployment.environment},cortellisReportFilter,/cortellis/report/||/cortellis/report/.*||/site-report/||/site-report/.*,/cortellis/report/,/,null,FALSE,null,NOVALIDATE,null,CORTELLISREPORTAPP
cortellisreportcomponent.cortellis.${archaius.deployment.subenvironment}.${archaius.deployment.environment},cortellisReportFilter,/cortellis/report/||/cortellis/report/.*||/site-report/||/site-report/.*,/site-report/,/,null,FALSE,null,NOVALIDATE,null,CORTELLISREPORTCOMPONENT
cortellisresultsapp.cortellis.${archaius.deployment.subenvironment}.${archaius.deployment.environment},cortellisResultsAppFilter,/cortellis/results/||/cortellis/results/.*,/cortellis/results/,/,null,FALSE,null,NOVALIDATE,null,CORTELLISRESULTSAPP
cortellisresultscomponent.cortellis.${archaius.deployment.subenvironment}.${archaius.deployment.environment},cortellisResultsFilter,/cortellis/resultscomp/||/cortellis/resultscomp/.*,/cortellis/resultscomp/,/,null,FALSE,null,NOVALIDATE,null,CORTELLISRESULTSCOMPONENT
cortellisretrieveapi.cortellis.${archaius.deployment.subenvironment}.${archaius.deployment.environment},cortellisretrieveapiPreFilter,/api/retrievetestget/.*,null,/retrievetestget,null,FALSE,null,NOVALIDATE,null,CORTELLISRETRIEVEAPI
cortellisretrieveapi.cortellis.${archaius.deployment.subenvironment}.${archaius.deployment.environment},cortellisRetrieveDataPreFilterForGRCdata,/api/retrievegrcdata.*,null,/retrievegrcdata,null,FALSE,null,NOVALIDATE,null,CORTELLISRETRIEVEAPI
cortellisretrieveapi.cortellis.${archaius.deployment.subenvironment}.${archaius.deployment.environment},cortellisRetrieveDataPreFilterForIRdata,/api/retrieveirdata.*,null,/retrieveirdata,null,FALSE,null,NOVALIDATE,null,CORTELLISRETRIEVEAPI
cortellisretrieveapi.cortellis.${archaius.deployment.subenvironment}.${archaius.deployment.environment},cortellisRetrieveDataPreFilterForRSdata,/api/retrieversdata.*,null,/retrieversdata,null,FALSE,null,NOVALIDATE,null,CORTELLISRETRIEVEAPI
cortellisretrieveapi.cortellis.${archaius.deployment.subenvironment}.${archaius.deployment.environment},cortellisRetrieveDataPreFilterForBrowse,/api/browseRetrieveData.*,null,/browseRetrieveData,null,FALSE,null,NOVALIDATE,null,CORTELLISRETRIEVEAPI
cortellissearchapi.cortellis.${archaius.deployment.subenvironment}.${archaius.deployment.environment},cortellissearchapiPreFilter,/api/testget/.*,null,/testget,null,FALSE,null,AUTH,null,CORTELLISSEARCHAPI
cortellissearchapi.cortellis.${archaius.deployment.subenvironment}.${archaius.deployment.environment},cortellisLandingPageConfigPreFilter,/api/fetchLandingPageConfig.*,null,/fetchLandingPageConfig,null,FALSE,null,AUTH,null,CORTELLISSEARCHAPI
cortellissearchapi.cortellis.${archaius.deployment.subenvironment}.${archaius.deployment.environment},cortellisSearchDataPreFilter,/api/searchdata.*,null,/searchdata,null,FALSE,null,AUTH,null,CORTELLISSEARCHAPI
cortellissearchapi.cortellis.${archaius.deployment.subenvironment}.${archaius.deployment.environment},landingPageSearchFiltersPreFilter,/api/landingPageSearchFilters.*,null,/landingPageSearchFilters,null,FALSE,null,AUTH,null,CORTELLISSEARCHAPI
cortellissearchapi.cortellis.${archaius.deployment.subenvironment}.${archaius.deployment.environment},cortellisSearchPreFilter,/api/cortellis/search/.*,null,/cortellissearchapi,null,FALSE,null,AUTH,null,CORTELLISSEARCHAPI
cortellissvgextractorcomponent.cortellis.${archaius.deployment.environment},cortellissvgextractorcomponentPreFilter,/svg-extractor.*,/svg-extractor,/,null,FALSE,null,NOVALIDATE,null,CORTELLISSVGEXTRACTORCOMPONENT
cortellisuserdetailsapi.cortellis.${archaius.deployment.subenvironment}.${archaius.deployment.environment},cortellisuserdetailsapiPreFilter,/api/cortellis/userdetails.*,/api/cortellis/userdetails,/cortellisuserdetails,null,FALSE,null,AUTH,null,CORTELLISUSERDETAILSAPI
draddapi.${archaius.deployment.stack}.${archaius.deployment.subenvironment}.${archaius.deployment.environment},draddapiPreFilter,/api/dra/dd/gui/services.*,null,/,null,FALSE,null,AUTH,DRA_DRUG_DESIGN,DRADDAPI
draddgui.${archaius.deployment.stack}.${archaius.deployment.subenvironment}.${archaius.deployment.environment},draddFrontendPreFilter,/dra-dd.*,/dra-dd,/,null,FALSE,null,NOVALIDATE,null,DRADD_FRONTEND
draexcelexport.dra.${archaius.deployment.subenvironment}.${archaius.deployment.environment},draExcelExportPreFilter,/api/dra/excel/export.*,null,/export,null,FALSE,null,AUTH,DRA_TARGET_DRUG,DRAEXCELEXPORT
draiopgui.${archaius.deployment.stack}.${archaius.deployment.subenvironment}.${archaius.deployment.environment},draiopFrontendPreFilter,/dra||/dra/.*,/dra,/,null,FALSE,null,NOVALIDATE,null,DRAIOP_FRONTEND
drasdfexport.${archaius.deployment.stack}.${archaius.deployment.subenvironment}.${archaius.deployment.environment},drasdfexportPreFilter,/api/dra/export/sdf,/api/dra/export/sdf,/export/sdf,null,FALSE,null,NOVALIDATE,null,DRASDFEXPORT
drasearch.${archaius.deployment.stack}.${archaius.deployment.subenvironment}.${archaius.deployment.environment},drasearchPreFilter,/api/dra/search.*,null,/dra/search,null,FALSE,null,AUTH,"DRA_DRUG_DESIGN||""DRA_TARGET_DRUG""",DRASEARCH
drasearch.${archaius.deployment.stack}.${archaius.deployment.subenvironment}.${archaius.deployment.environment},drasearchHealthCheckPreFilter,/api/dra/healthcheck.*,null,/healthcheck,null,FALSE,null,AUTH:500,"DRA_DRUG_DESIGN||""DRA_TARGET_DRUG""",DRASEARCH
dratdentity.dra.${archaius.deployment.subenvironment}.${archaius.deployment.environment},draTdEntityAggregationsPreFilter,/api/dra/analytics/aggregations.*,null,/aggregations,null,FALSE,null,AUTH,"DRA_DRUG_DESIGN||""DRA_TARGET_DRUG""",DRATDENTITY
dratdentity.dra.${archaius.deployment.subenvironment}.${archaius.deployment.environment},draTdEntityRelatedEntitiesPreFilter,/api/dra/analytics/related/entities.*,null,/related/entities,null,FALSE,null,AUTH,"DRA_DRUG_DESIGN||""DRA_TARGET_DRUG""",DRATDENTITY
dratdentity.dra.${archaius.deployment.subenvironment}.${archaius.deployment.environment},draTdEntityGraphicPreFilter,/api/dra/analytics/graphic.*,null,/graphic,null,FALSE,null,AUTH,"DRA_DRUG_DESIGN||""DRA_TARGET_DRUG""",DRATDENTITY
dratdentity.dra.${archaius.deployment.subenvironment}.${archaius.deployment.environment},draTdEntityDecoratorPreFilter,/api/dra/analytics/entity/decorator.*,null,/entity/decorator,null,FALSE,null,AUTH,"DRA_DRUG_DESIGN||""DRA_TARGET_DRUG""",DRATDENTITY
dratdentity.dra.${archaius.deployment.subenvironment}.${archaius.deployment.environment},draTdHealthCheckPreFilter,/api/dra-td/healthcheck.*,null,/healthcheck,null,FALSE,null,AUTH,"DRA_DRUG_DESIGN||""DRA_TARGET_DRUG""",DRATDENTITY
dratdexploration.dra.${archaius.deployment.subenvironment}.${archaius.deployment.environment},draTdExplorationFilter,/api/dra-td/exploration.*,null,/exploration,null,FALSE,null,AUTH,"DRA_DRUG_DESIGN||""DRA_TARGET_DRUG""",DRATDEXPLORATION
dratdgui.dra.${archaius.deployment.subenvironment}.${archaius.deployment.environment},draTdGuiPreFilter,/dra-td.*,/dra-td,/,null,FALSE,null,NOVALIDATE,null,DRA_TD_GUI
dratdguifb1.${archaius.deployment.stack}.${archaius.deployment.subenvironment}.${archaius.deployment.environment},draTdGuiFb1PreFilter,/dra-td.*,/dra-td.*,/,dev-snapshot-fb1.1p.thomsonreuters.com,FALSE,null,NOVALIDATE,null,DRA_TD_GUI_FB1
dratdguifb2.${archaius.deployment.stack}.${archaius.deployment.subenvironment}.${archaius.deployment.environment},draTdGuiFb2PreFilter,/dra-td.*,/dra-td.*,/,dev-snapshot-fb2.1p.thomsonreuters.com,FALSE,null,NOVALIDATE,null,DRA_TD_GUI_FB2
dratdguifb3.${archaius.deployment.stack}.${archaius.deployment.subenvironment}.${archaius.deployment.environment},draTdGuiFb3PreFilter,/dra-td.*,/dra-td.*,/,dev-snapshot-fb3.1p.thomsonreuters.com,FALSE,null,NOVALIDATE,null,DRA_TD_GUI_FB3
dratdguifb4.${archaius.deployment.stack}.${archaius.deployment.subenvironment}.${archaius.deployment.environment},draTdGuiFb4PreFilter,/dra-td.*,/dra-td.*,/,dev-snapshot-fb4.1p.thomsonreuters.com,FALSE,null,NOVALIDATE,null,DRA_TD_GUI_FB4
dratdguifb5.${archaius.deployment.stack}.${archaius.deployment.subenvironment}.${archaius.deployment.environment},draTdGuiFb5PreFilter,/dra-td.*,/dra-td.*,/,dev-snapshot-fb5.1p.thomsonreuters.com,FALSE,null,NOVALIDATE,null,DRA_TD_GUI_FB5
dratdguifb6.${archaius.deployment.stack}.${archaius.deployment.subenvironment}.${archaius.deployment.environment},draTdGuiFb6PreFilter,/dra-td.*,/dra-td.*,/,dev-snapshot-fb6.1p.thomsonreuters.com,FALSE,null,NOVALIDATE,null,DRA_TD_GUI_FB6
dratdguiservices.dra.${archaius.deployment.subenvironment}.${archaius.deployment.environment},dratdguiservicesPreFilter,/api/dra/td/gui/services.*,/api/dra/td,/,null,FALSE,null,AUTH,"DRA_DRUG_DESIGN||""DRA_TARGET_DRUG""",DRATDGUISERVICES
dratdmarketingui.dra.${archaius.deployment.subenvironment}.${archaius.deployment.environment},draMarketinguiPreFilter,/marketing/dratd||/marketing/dratd/.*||/ui/dratd/marketing||/ui/dratd/marketing/.*,/,/,null,FALSE,null,NOVALIDATE,null,DRA_MARKETINGUI
dratdscore.dra.${archaius.deployment.subenvironment}.${archaius.deployment.environment},draTdScorePreFilter,/api/dra-td/score.*,null,/score,null,FALSE,null,AUTH,"DRA_DRUG_DESIGN||""DRA_TARGET_DRUG""",DRATDSCORE
dratypeahead.dra.${archaius.deployment.subenvironment}.${archaius.deployment.environment},dratypeaheadPreFilter,/api/dra/suggest.*,null,/suggest,null,FALSE,null,AUTH,"DRA_DRUG_DESIGN||""DRA_TARGET_DRUG""",DRATYPEAHEAD
IGRALERTS.${archaius.deployment.stack}.${archaius.deployment.subenvironment}.${archaius.deployment.environment},igralertsPreFilter,/api/igr/alerts.*,/api/igr/alerts,/,null,FALSE,null,AUTH,CDDI_CDDI,IGRALERTS
IGRENTITY.${archaius.deployment.stack}.${archaius.deployment.subenvironment}.${archaius.deployment.environment},igrentityPreFilter,/api/igr/entity.*,null,/entity,null,FALSE,null,AUTH,CDDI_CDDI,IGRENTITY
IGRFILTERS.${archaius.deployment.stack}.${archaius.deployment.subenvironment}.${archaius.deployment.environment},igrfiltersPreFilter,/api/igr/filters.*,null,/filters,null,FALSE,null,AUTH,CDDI_CDDI,IGRFILTERS
igrgui.${archaius.deployment.stack}.${archaius.deployment.subenvironment}.${archaius.deployment.environment},cddiGuiPreFilter,/drugdiscovery.*,/drugdiscovery,/,null,FALSE,null,NOVALIDATE,null,CDDI_GUI
igrGuiFb1.${archaius.deployment.stack}.${archaius.deployment.subenvironment}.${archaius.deployment.environment},cddiGuiFb1PreFilter,/drugdiscovery.*,/drugdiscovery.*,/,apps.dev-snapshot-fb1.clarivate.com,FALSE,null,NOVALIDATE,null,CDDI_GUI_FB1
IGROVERVIEW.${archaius.deployment.stack}.${archaius.deployment.subenvironment}.${archaius.deployment.environment},igroverviewPreFilter,/api/igr/overview.*,null,/overview,null,FALSE,null,AUTH,CDDI_CDDI,IGROVERVIEW
IGROVERVIEW.${archaius.deployment.stack}.${archaius.deployment.subenvironment}.${archaius.deployment.environment},igroverviewSearchPreFilter,/api/igr/search.*,null,/search,null,FALSE,null,AUTH,CDDI_CDDI,IGROVERVIEW
IGROVERVIEW.${archaius.deployment.stack}.${archaius.deployment.subenvironment}.${archaius.deployment.environment},igroverviewFilterPreFilter,/api/igr/filter.*,null,/filter,null,FALSE,null,AUTH,CDDI_CDDI,IGROVERVIEW
IGROVERVIEW.${archaius.deployment.stack}.${archaius.deployment.subenvironment}.${archaius.deployment.environment},igroverviewConfigPreFilter,/api/igr/overview/config.*,null,/config,null,FALSE,null,AUTH,CDDI_CDDI,IGROVERVIEW
IGROVERVIEW.${archaius.deployment.stack}.${archaius.deployment.subenvironment}.${archaius.deployment.environment},igrsearchPingPreFilter,/api/igr/overview/ping,null,/ping,null,FALSE,null,AUTH,CDDI_CDDI,IGROVERVIEW
IGRRELATEDCONTENT.${archaius.deployment.stack}.${archaius.deployment.subenvironment}.${archaius.deployment.environment},igrrelatedContentPreFilter,/api/igr/related-content.*,null,/related-content,null,FALSE,null,AUTH,CDDI_CDDI,IGRRELATEDCONTENT
IGRTABLE.${archaius.deployment.stack}.${archaius.deployment.subenvironment}.${archaius.deployment.environment},igrtablePreFilter,/api/igr/table.*,null,/table,null,FALSE,null,AUTH,CDDI_CDDI,IGRTABLE
IGRTABLE.${archaius.deployment.stack}.${archaius.deployment.subenvironment}.${archaius.deployment.environment},igrtableExportPreFilter,/api/igr/export.*,null,/export,null,FALSE,null,AUTH,CDDI_CDDI,IGRTABLE
igrtypeahead.${archaius.deployment.stack}.${archaius.deployment.subenvironment}.${archaius.deployment.environment},igrTypeaheadPreFilter,/api/igr/suggest.*,/api/igr/suggest,/suggest,null,FALSE,null,AUTH,CDDI_CDDI,IGRTYPEAHEAD
iipedge.${archaius.deployment.stack}.${archaius.deployment.subenvironment}.${archaius.deployment.environment},iipEdgePreFilter,/api/iip/.*,null,/iip,null,FALSE,inCitesSessionService,NOVALIDATE,null,IIP_EDGE
iipedgeexportpdf.${archaius.deployment.stack}.${archaius.deployment.subenvironment}.${archaius.deployment.environment},iipEdgeExportPdfPreFilter,/api/iipexport/.*,null,/iipexport,null,FALSE,inCitesSessionService,NOVALIDATE,null,IIP_EDGE_EXPORT_PDF
iipfrontend.${archaius.deployment.stack}.${archaius.deployment.subenvironment}.${archaius.deployment.environment},iipFrontendPreFilter,/iip.*,/iip,/,null,FALSE,null,NOVALIDATE,null,IIP_FRONTEND
INCITESRESTADAPTER.${archaius.deployment.stack}.${archaius.deployment.subenvironment}.${archaius.deployment.environment},incitesPreFilter,api/incites.*,null,/incites,null,FALSE,null,NOAUTH,null,incitesAdapter
ipaanalytics.${archaius.deployment.stack}.${archaius.deployment.subenvironment}.${archaius.deployment.environment},ipaanalyticsPreFilter,/api/ipa/analytics.*,null,/analytics,null,FALSE,null,NOVALIDATE,IPA_TEST_SKU,IPAANALYTICS
ipaanalytics.${archaius.deployment.stack}.${archaius.deployment.subenvironment}.${archaius.deployment.environment},ipaanalyticsHealthCheckPreFilter,/api/ipa/healthcheck.*,/api/ipa/healthcheck,/analytics/hello,null,FALSE,null,AUTH:500,IPA_TEST_SKU,IPAANALYTICS
ipafrontend.${archaius.deployment.stack}.${archaius.deployment.subenvironment}.${archaius.deployment.environment},ipafrontendPreFilter,/ipa.*,/ipa,/ipa,null,FALSE,null,NOVALIDATE,null,IPA_FRONTEND
ipafrontendfb1.${archaius.deployment.stack}.${archaius.deployment.subenvironment}.${archaius.deployment.environment},ipafrontendFb1PreFilter,null,/ipa,/ipa,null,FALSE,null,NOVALIDATE,null,IPA_FRONTEND_FB1
ipafrontendfb2.${archaius.deployment.stack}.${archaius.deployment.subenvironment}.${archaius.deployment.environment},ipafrontendFb2PreFilter,/ipa.*,/ipa.*,/ipa,dev-snapshot-fb2.1p.thomsonreuters.com,FALSE,null,NOVALIDATE,null,IPA_FRONTEND_FB2
ipafrontendfb3.${archaius.deployment.stack}.${archaius.deployment.subenvironment}.${archaius.deployment.environment},ipafrontendFb3PreFilter,/ipa.*,/ipa.*,/ipa,dev-snapshot-fb3.1p.thomsonreuters.com,FALSE,null,NOVALIDATE,null,IPA_FRONTEND_FB3
ipafrontendfb4.${archaius.deployment.stack}.${archaius.deployment.subenvironment}.${archaius.deployment.environment},ipafrontendFb4PreFilter,/ipa.*,/ipa.*,/ipa,dev-snapshot-fb4.1p.thomsonreuters.com,FALSE,null,NOVALIDATE,null,IPA_FRONTEND_FB4
ipafrontendfb5.${archaius.deployment.stack}.${archaius.deployment.subenvironment}.${archaius.deployment.environment},ipafrontendFb5PreFilter,/ipa.*,/ipa.*,/ipa,dev-snapshot-fb5.1p.thomsonreuters.com,FALSE,null,NOVALIDATE,null,IPA_FRONTEND_FB5
ipafrontendfb6.${archaius.deployment.stack}.${archaius.deployment.subenvironment}.${archaius.deployment.environment},ipafrontendFb6PreFilter,/ipa.*,/ipa.*,/ipa,dev-snapshot-fb6.1p.thomsonreuters.com,FALSE,null,NOVALIDATE,null,IPA_FRONTEND_FB6
iparecommend.${archaius.deployment.stack}.${archaius.deployment.subenvironment}.${archaius.deployment.environment},iparecommendPreFilter,/api/ipa/recommend/.*,null,/recommend,null,FALSE,null,NOVALIDATE,null,IPARECOMMEND
ipasearchdsl.${archaius.deployment.stack}.${archaius.deployment.subenvironment}.${archaius.deployment.environment},ipaSearchDslPreFilter,/api/ipasearchdsl/v1.*,/api/ipasearchdsl/v1,/,null,FALSE,null,NOVALIDATE,null,IPASEARCHDSL
ipatypeahead.${archaius.deployment.stack}.${archaius.deployment.subenvironment}.${archaius.deployment.environment},ipatypeaheadPreFilter,/api/ipa/suggest.*,null,/suggest,null,FALSE,null,NOVALIDATE,null,IPATYPEAHEAD
iplab.${archaius.deployment.stack}.${archaius.deployment.subenvironment}.${archaius.deployment.environment},iplabPreFilter,/iplab.*,/iplab,/,null,FALSE,null,NOVALIDATE,null,IPLAB
jhexampleservice.${archaius.deployment.stack}.${archaius.deployment.subenvironment}.${archaius.deployment.environment},jhexampleservice,/api/jhexampleservice.*,/api/jhexampleservice,/,null,FALSE,null,PASSTHRU,null,JHEXAMPLE_SERVICE
journalprofile.scholarone.${archaius.deployment.subenvironment}.${archaius.deployment.environment},jprofPublicPrefilter,/api/jprof/public.*,/api/jprof/public,/journal-profile/public,null,FALSE,null,NOVALIDATE,null,journalprofile
journalprofile.scholarone.${archaius.deployment.subenvironment}.${archaius.deployment.environment},jprofRestrictedPrefilter,/api/jprof/restricted.*,/api/jprof/restricted,/journal-profile/restricted,null,FALSE,null,AUTH,null,journalprofile
kpagui.${archaius.deployment.stack}.${archaius.deployment.subenvironment}.${archaius.deployment.environment},kpaGuiPreFilter,/kpa.*,/kpa,/kpa,null,FALSE,null,PASSTHRU,null,KPA_FRONTEND
kpaguif1.${archaius.deployment.stack}.${archaius.deployment.subenvironment}.${archaius.deployment.environment},kpaGuiFb1PreFilter,/kpa.*,/kpa.*,/kpa,dev-snapshot-fb1.1p.thomsonreuters.com,FALSE,null,PASSTHRU,null,KPA_FRONTEND_FB1
kpaguif2.${archaius.deployment.stack}.${archaius.deployment.subenvironment}.${archaius.deployment.environment},kpaGuiFb2PreFilter,/kpa.*,/kpa.*,/kpa,dev-snapshot-fb2.1p.thomsonreuters.com,FALSE,null,PASSTHRU,null,KPA_FRONTEND_FB2
kpaguif3.${archaius.deployment.stack}.${archaius.deployment.subenvironment}.${archaius.deployment.environment},kpaGuiFb3PreFilter,/kpa.*,/kpa.*,/kpa,dev-snapshot-fb3.1p.thomsonreuters.com,FALSE,null,PASSTHRU,null,KPA_FRONTEND_FB3
kpaguif4.${archaius.deployment.stack}.${archaius.deployment.subenvironment}.${archaius.deployment.environment},kpaGuiFb4PreFilter,/kpa.*,/kpa.*,/kpa,dev-snapshot-fb4.1p.thomsonreuters.com,FALSE,null,PASSTHRU,null,KPA_FRONTEND_FB4
kpaguif5.${archaius.deployment.stack}.${archaius.deployment.subenvironment}.${archaius.deployment.environment},kpaGuiFb5PreFilter,/kpa.*,/kpa.*,/kpa,dev-snapshot-fb5.1p.thomsonreuters.com,FALSE,null,PASSTHRU,null,KPA_FRONTEND_FB5
kpaguif6.${archaius.deployment.stack}.${archaius.deployment.subenvironment}.${archaius.deployment.environment},kpaGuiFb6PreFilter,/kpa.*,/kpa.*,/kpa,dev-snapshot-fb6.1p.thomsonreuters.com,FALSE,null,PASSTHRU,null,KPA_FRONTEND_FB6
kpaservices.${archaius.deployment.stack}.${archaius.deployment.subenvironment}.${archaius.deployment.environment},kpaservicesPreFilter,/api/kpa-services/report.*,/api/kpa-services/report,/report,null,FALSE,null,NOAUTH,null,KPASERVICES
matchingservice.${archaius.deployment.stack}.${archaius.deployment.subenvironment}.${archaius.deployment.environment},matchingService,/api/match/.*,null,/match,null,FALSE,null,NOVALIDATE,null,MATCHING
matchingservice.${archaius.deployment.stack}.${archaius.deployment.subenvironment}.${archaius.deployment.environment},pubmatchingService,/api/pubmatch/.*,null,/pubmatch,null,FALSE,null,NOVALIDATE,null,MATCHING
mraservice.scholarone.${archaius.deployment.subenvironment}.${archaius.deployment.environment},mraPublicPrefilter,/api/mra/public.*,/api/mra/public,/public,null,FALSE,null,NOVALIDATE,null,mraservice
mraservice.scholarone.${archaius.deployment.subenvironment}.${archaius.deployment.environment},mraRestrictedPrefilter,/api/mra/.*,/api/mra,/,null,FALSE,null,AUTH,null,mraservice
npalerts.newport.${archaius.deployment.subenvironment}.${archaius.deployment.environment},cgiAlertsPreFilter,/api/generics/alerts.*,/api/generics,/,null,FALSE,null,AUTH,"CGI_ALERTS||""CGI_TST""",CGI_ALERTS
npalerts.newport.${archaius.deployment.subenvironment}.${archaius.deployment.environment},cgiAlertsInnerApiPreFilter,/api/generics/internal/api.*,/api/generics,/,null,FALSE,null,AUTH,CGI_TST,CGI_ALERTS
npapi.newport.${archaius.deployment.subenvironment}.${archaius.deployment.environment},cgiApiPreFilter,/api/generics/api.*,/api/generics,/,null,FALSE,null,AUTH,"CGI_GLOBAL||""CGI_PREMIUM""||""CGI_SOURCING""||""CGI_TST""",CGI_API
npcfgui.newport.${archaius.deployment.subenvironment}.${archaius.deployment.environment},cgiGuiPreFilter,/generics.*,/,/,null,FALSE,null,NOVALIDATE,null,CGI_FRONTEND
npcst.newport.${archaius.deployment.subenvironment}.${archaius.deployment.environment},cgiCstPreFilter,/api/generics/cst.*,/api/generics,/,null,FALSE,null,AUTH,"CGI_GLOBAL||""CGI_PREMIUM""||""CGI_SOURCING""||""CGI_TST""",CGI_CST
npexport.newport.${archaius.deployment.subenvironment}.${archaius.deployment.environment},cgiExportPreFilter,/api/generics/export.*,/api/generics,/,null,FALSE,null,AUTH,"CGI_GLOBAL||""CGI_PREMIUM""||""CGI_SOURCING""||""CGI_TST""",CGI_EXPORT
npmarketingui.newport.${archaius.deployment.subenvironment}.${archaius.deployment.environment},cgiMarketinguiPreFilter,/marketing/generics||/marketing/generics/.*||/ui/generics/marketing||/ui/generics/marketing/.*,/,/,null,FALSE,null,NOVALIDATE,null,CGI_MARKETINGUI
npmarketinguiFb1.newport.${archaius.deployment.subenvironment}.${archaius.deployment.environment},cgiMarketinguiFb1PreFilter,null,/,/,null,FALSE,null,NOVALIDATE,null,CGI_MARKETINGUI_FB1
nptoolproductselector.newport.${archaius.deployment.subenvironment}.${archaius.deployment.environment},cgiPstPreFilter,/api/generics/pst.*||/api/generics/pst/.*,/api/generics,/,null,FALSE,null,NOVALIDATE,null,CGI_PST
nptypeahead.newport.${archaius.deployment.subenvironment}.${archaius.deployment.environment},cgiTypeaheadPreFilter,/api/generics/suggest.*,null,/suggest,null,FALSE,null,AUTH,"CGI_GLOBAL||""CGI_PREMIUM""||""CGI_SOURCING""||""CGI_TST""",CGI_TYPEAHEAD
null,enwServices,/api/enwservices.*,/api/enwservices,/enwservices,null,FALSE,null,NOVALIDATE,null,ENW_SERVICE
null,zuulStatsPreFilter,/api/zuulStats.*,null,/zuulStats,null,FALSE,null,null,null,null
null,mapResolverPreFilter,/api/mapResolver.*,null,/mapResolver,null,FALSE,null,null,null,null
null,mapsResolverPreFilter,/api/mapsResolver.*,null,/mapsResolver,null,FALSE,null,null,null,null
null,errorObservabilityStatsPreFilter,/api/errorStats.*,null,/errorStats,null,FALSE,null,null,null,null
null,cleanCachePreFilter,/api/cacheClean.*,null,/cacheClean,null,FALSE,null,null,null,null
null,mwsAccess,/api/mws.*,/api/mws,/esti/json,null,FALSE,null,PASSTHRU,null,WOS_MWS_CLIENT
null,wosNxSessionServiceINT,null,null,null,null,FALSE,null,null,null,null
null,optionsMethodPreFilter,/api/_alert_email.*||/api/_consumer_application.*||/api/_execute.*||/api/example_service.*,null,/options_method,null,FALSE,null,null,null,null
null,kongProxyPreFilter,/nexgenpsa.*,/,/,null,FALSE,null,null,null,WOSRL_CDX
null,wosRRCSessionService,null,null,null,null,FALSE,null,null,null,null
null,wosSessionService,null,null,null,null,FALSE,null,null,null,null
null,alertsLambda,/api/cmc/alerts/kmp.*,null,/alerts/kmp,null,FALSE,null,null,null,CMC_ALERTS_LAMBDA
null,testLambda,/api/lambda/HelloWorld.*,null,/HelloWorld,null,FALSE,null,null,null,LAMBDA_HELLO
null,testLambdaInfo,/api/lambda/HelloWorldInfo.*,null,/HelloWorldInfo,null,FALSE,null,null,null,LAMBDA_HELLO_INFO
null,AuthRouterFilter,null,null,null,null,FALSE,null,null,null,null
null,sendResponseFilter,.*,null,null,null,FALSE,null,null,null,null
null,sendErrorFilter,.*,null,null,null,FALSE,null,null,null,null
null,optionsPreFilter,/api/entitlements.*||/api/groups.*||/api/profile/user.*,null,/options_method,null,FALSE,null,null,null,null
null,EntitlementPreFilter,/.*,null,null,null,FALSE,null,null,null,null
null,optionsPreFilter,/api/entitlements.*||/api/groups.*||/api/profile/user.*,null,/options_method,null,FALSE,null,null,null,null
null,RequestHeaderAndParameterSanitizationFilter,null,null,null,null,FALSE,null,null,null,null
null,DecorationPreFilter,/.*,null,null,null,FALSE,null,null,null,null
null,corsAuthHeaders,/.*,null,null,null,FALSE,null,null,null,null
null,optionsPreFilter,/api/entitlements.*||/api/groups.*||/api/profile/user.*,null,/options_method,null,FALSE,null,null,null,null
null,jifSessionService,null,null,null,null,FALSE,null,null,null,null
null,alertsLambda2,/api/cmc/alerts2/kmp.*,null,/alerts2/kmp,null,FALSE,null,null,null,CMC_ALERTS_LAMBDA2
null,innovationCloudPreFilter,/5g-sep-analyzer.*||/chemistry-research.*||/examiner-search.*,/,/,null,FALSE,null,null,null,INNOVATION_CLOUD_SERVICE
null,wosrlPrefilter,/wosrl.*,/,/,null,FALSE,null,null,null,WOSRL_CDX
null,kongExampleService,/api/kong_example_service.*,/api/kong_example_service,/eureka-test,null,FALSE,eurekaTestApiHeaders,PASSTHRU,null,KONG_EXAMPLE_SERVICE
null,eurekaTestApiHeaders,null,null,null,null,FALSE,null,null,null,null
null,optionsMethodPreFilter,/api/_alert_email.*||/api/_consumer_application.*||/api/_execute.*||/api/example_service.*,null,/options_method,null,FALSE,null,null,null,null
null,clientInfo,/api/clientinfo.*,null,/clientinfo,null,FALSE,null,NOVALIDATE,null,null
null,authClientInfo,/api/auth-clientinfo.*,null,/auth-clientinfo,null,FALSE,null,NOAUTH,null,null
null,inCitesSessionService,null,null,null,null,FALSE,null,null,null,null
null,RIBBON_SERVICE,null,null,null,null,FALSE,null,null,null,null
null,RIBBON_COMMAND,null,null,null,null,FALSE,null,null,null,null
null,ZUUL_INTERNAL,null,null,null,null,FALSE,null,null,null,null
null,ResponseHeaders,null,null,null,null,FALSE,null,null,null,null
null,CORSHeadersFilter,null,null,null,null,FALSE,null,null,null,null
publisherportaldataservice.scholarone.${archaius.deployment.subenvironment}.${archaius.deployment.environment},wppDataServicePreFilter,/api/wpp/.*,/api/wpp,/,null,FALSE,null,AUTH,null,WPP_DATA_SERVICE
rhwosauthui.${archaius.deployment.stack}.${archaius.deployment.subenvironment}.${archaius.deployment.environment},rhwosauthuiPreFilter,/rhwosauth.*,/rhwosauth,/,null,FALSE,null,NOVALIDATE,null,RH_WOSAUTH_UI
rrcfrontend.${archaius.deployment.stack}.${archaius.deployment.subenvironment}.${archaius.deployment.environment},rrcCurationFrontendSnapshot,/rrcc.*,/rrcc,/,null,FALSE,null,NOVALIDATE,null,RRCFRONTEND
s1ringgoldtypeahead.${archaius.deployment.stack}.${archaius.deployment.subenvironment}.${archaius.deployment.environment},s1suggestPreFilter,/api/s1/suggest.*,null,/s1/suggest,null,FALSE,null,NOAUTH,null,S1SUGGEST
sagemakerservice.${archaius.deployment.stack}.${archaius.deployment.subenvironment}.${archaius.deployment.environment},sagemakerservice,/api/sagemaker/.*,null,/sagemaker,null,FALSE,null,NOVALIDATE,null,SAGEMAKER
spmasterservices.${archaius.deployment.stack}.${archaius.deployment.subenvironment}.${archaius.deployment.environment},spmasterservicesService,/api/spmaster.*,null,/spmaster,null,FALSE,null,NOAUTH,null,SPMASTER
tisearchdsl.${archaius.deployment.stack}.${archaius.deployment.subenvironment}.${archaius.deployment.environment},tiSearchDslPreFilter,/api/tisearchdsl/v1.*,/api/tisearchdsl/v1,/,null,FALSE,null,NOVALIDATE,null,TISEARCHDSL
watfrontend.${archaius.deployment.stack}.${archaius.deployment.subenvironment}.${archaius.deployment.environment},watFrontendPreFilter,/author.*,/author,/,null,FALSE,null,NOVALIDATE,null,WAT_FRONTEND
wosalertingscheduler.wos.${archaius.deployment.subenvironment}.${archaius.deployment.environment},wascPreFilter,/wasc.*,/wasc,/,null,FALSE,null,NOVALIDATE,null,WASC
wosauthorrecommend.${archaius.deployment.stack}.${archaius.deployment.subenvironment}.${archaius.deployment.environment},wosAuthorRecommend,/api/author/.*,null,/author,null,FALSE,null,NOVALIDATE,null,WOSAUTHORRECOMMEND
wosauthorrecommend.${archaius.deployment.stack}.${archaius.deployment.subenvironment}.${archaius.deployment.environment},wosAuthorRecommendForWoSRRC,/api/rrc/author/.*,null,/author,null,FALSE,wosRRCSessionService,NOVALIDATE,null,WOSAUTHORRECOMMEND
wosauthorrecommend.${archaius.deployment.stack}.${archaius.deployment.subenvironment}.${archaius.deployment.environment},wosAuthorRecommendFromWoS,/api/wos/author/.*,null,/author,null,FALSE,wosSessionService,NOVALIDATE,null,WOSAUTHORRECOMMEND
wosauthorrecommend.${archaius.deployment.stack}.${archaius.deployment.subenvironment}.${archaius.deployment.environment},wosAuthorRecommendForCuration,/api/curation/author/.*,null,/author,null,FALSE,null,NOAUTH,null,WOSAUTHORRECOMMEND
wosauthorxform.${archaius.deployment.stack}.${archaius.deployment.subenvironment}.${archaius.deployment.environment},wosauthorxformFeedback,/api/feedback.*,null,/feedback,null,FALSE,null,NOVALIDATE,null,WOSAUTHORXFORM
wosauthorxform.${archaius.deployment.stack}.${archaius.deployment.subenvironment}.${archaius.deployment.environment},wosauthorxformServiceSnapshot,/api/researcher.*,null,/researcher,null,FALSE,null,AUTH,null,WOSAUTHORXFORM
wosauthorxform.${archaius.deployment.stack}.${archaius.deployment.subenvironment}.${archaius.deployment.environment},wosauthorxformServiceForWoSRRC,/api/rrc/researcher.*,null,/researcher,null,FALSE,wosRRCSessionService,NOVALIDATE,null,WOSAUTHORXFORM
wosauthorxform.${archaius.deployment.stack}.${archaius.deployment.subenvironment}.${archaius.deployment.environment},wosauthorxformServiceFromWoS,/api/wos/researcher.*,null,/researcher,null,FALSE,wosSessionService,NOVALIDATE,null,WOSAUTHORXFORM
wosjcrjif.wos.${archaius.deployment.subenvironment}.${archaius.deployment.environment},wosJcrJifAuthPreFilter,/api/jif.*,null,/jif,null,FALSE,jifSessionService,NOVALIDATE,null,WOSJCRJIF
wosjcrjif.wos.${archaius.deployment.subenvironment}.${archaius.deployment.environment},wosJcrJifPreFilter,/api/jcr/jif.*,null,/jif,null,FALSE,null,NOVALIDATE,null,WOSJCRJIF
wosjcrjiffrontend.${archaius.deployment.stack}.${archaius.deployment.subenvironment}.${archaius.deployment.environment},wosJcrJifFrontendPreFilter,/jif.*,/jif,/jif,null,FALSE,null,NOVALIDATE,null,WOSJCRJIF_FRONTEND
wosldservice.wos.${archaius.deployment.subenvironment}.${archaius.deployment.environment},wosldPreFilter,/api/wosdashboard.*,null,/wosdashboard,null,FALSE,null,AUTH,null,wosldClient
wosldui.wos.${archaius.deployment.subenvironment}.${archaius.deployment.environment},wosldFrontEndPreFilter,/wosdashboard.*,/wosdashboard,/,null,FALSE,null,NOVALIDATE,null,WOSLD_FRONTEND
woslinks.${archaius.deployment.stack}.${archaius.deployment.subenvironment}.${archaius.deployment.environment},links,/api/links.*,null,/links,null,TRUE,null,NOVALIDATE,null,links
wosnodealerting.wos.${archaius.deployment.subenvironment}.${archaius.deployment.environment},wosnodealertingPreFilter,/api/wosnodealerting.*,/api/wosnodealerting,/,null,FALSE,null,NOVALIDATE,null,WOSNODEALERTING
wosnxalerting.wos.${archaius.deployment.subenvironment}.${archaius.deployment.environment},wosNxAlertingCuration,/api/wos/curation.*,null,/curation,null,FALSE,null,NOVALIDATE,null,WOSNXALERTING
wosnxalerting.wos.${archaius.deployment.subenvironment}.${archaius.deployment.environment},wosNxAlerting,/api/wos/alerting.*,null,/alerting,null,FALSE,wosNxSessionServiceINT,NOVALIDATE,null,WOSNXALERTING
wosnxalerting.wos.${archaius.deployment.subenvironment}.${archaius.deployment.environment},wosNxMjl,/api/wos/mjl.*,null,/mjl,null,FALSE,wosNxSessionServiceINT,NOVALIDATE,null,WOSNXALERTING
wosnxcore.wos.${archaius.deployment.subenvironment}.${archaius.deployment.environment},wosNxCore,/api/wos/core.*,/api/wos/core,/,null,FALSE,wosNxSessionServiceINT,NOVALIDATE,null,WOSNXCORE
wosnxindic.wos.${archaius.deployment.subenvironment}.${archaius.deployment.environment},wosNxIndic,/api/wos/indic.*,/api/wos/indic,/,null,FALSE,wosNxSessionServiceINT,NOVALIDATE,null,WOSNXINDIC
wosnxshared.wos.${archaius.deployment.subenvironment}.${archaius.deployment.environment},wosNxShared,/api/wos/session.*,/api/wos/session,/shared/session,null,FALSE,wosNxSessionServiceINT,NOVALIDATE,null,WOSNXSHARED
wossearchaids.${archaius.deployment.stack}.${archaius.deployment.subenvironment}.${archaius.deployment.environment},wosSearchAidsFilter,/api/searchaids.*,null,/searchaids,null,FALSE,null,NOVALIDATE,null,wosSearchAidsClient
wosui.wos.${archaius.deployment.subenvironment}.${archaius.deployment.environment},wosuiPreFilter,/sqc.*,/sqc,/,null,FALSE,null,NOVALIDATE,null,WOS_UI
wppui.scholarone.${archaius.deployment.subenvironment}.${archaius.deployment.environment},wppuiPreFilter,/wpp.*,/wpp,/,null,FALSE,null,NOVALIDATE,null,WPP_UI
wppui.scholarone.${archaius.deployment.subenvironment}.${archaius.deployment.environment},pubportaluiPreFilter,/publisherportal.*,/publisherportal,/,null,FALSE,null,NOVALIDATE,null,WPP_UI
wuiseed.${archaius.deployment.stack}.${archaius.deployment.subenvironment}.${archaius.deployment.environment},wuiPreFilter,/wui.*,/wui,/,null,FALSE,null,NOVALIDATE,null,WUI_SEED
zuultestservice.${archaius.deployment.stack}.${archaius.deployment.subenvironment}.${archaius.deployment.environment},zuultest,/api/test/.*,null,/test,null,FALSE,null,NOAUTH,null,ZUULTESTSERVICE